account_id,customer_id,branch_id,account_type,currency,opening_balance,current_balance,interest_rate,account_status,opened_date
ACC000001,CUST000013,BR002,Savings,INR,371033.7,406745.85,3.5,Active,2020-07-25
ACC000002,CUST000217,BR009,Savings,INR,16859.56,0.0,3.5,Active,2021-08-10
ACC000003,CUST000360,BR001,Current,INR,272925.8,300080.02,0.0,Active,2022-02-13
ACC000004,CUST000143,BR002,Savings,INR,78584.27,363608.85,3.5,Active,2022-10-10
ACC000005,CUST000310,BR009,Current,INR,132995.91,98203.57,0.0,Dormant,2024-02-25
ACC000006,CUST000151,BR010,Savings,INR,414872.93,581354.84,3.5,Active,2023-01-21
ACC000007,CUST000396,BR002,Savings,INR,145404.59,123331.78,3.5,Active,2021-08-11
ACC000008,CUST000084,BR002,Current,INR,185720.3,209047.76,0.0,Active,2021-12-29
ACC000009,CUST000084,BR006,Current,INR,231667.85,276149.59,0.0,Active,2021-06-18
ACC000010,CUST000017,BR004,Savings,INR,402717.85,493125.53,3.5,Active,2019-09-29
ACC000011,CUST000109,BR003,Current,INR,328063.89,416535.06,0.0,Active,2024-02-23
ACC000012,CUST000135,BR006,Savings,INR,373759.89,473711.73,3.5,Closed,2023-06-24
ACC000013,CUST000047,BR003,Savings,INR,378135.3,629521.32,3.5,Active,2020-09-18
ACC000014,CUST000196,BR009,Savings,INR,298348.33,412165.79,3.5,Active,2021-10-26
ACC000015,CUST000350,BR002,Current,INR,442509.44,655316.67,0.0,Active,2022-10-25
ACC000016,CUST000370,BR003,Savings,INR,438050.62,480236.79,3.5,Active,2024-08-12
ACC000017,CUST000431,BR006,Savings,INR,319835.8,482975.37,3.5,Active,2020-09-18
ACC000018,CUST000272,BR001,Current,INR,459328.25,618958.85,0.0,Active,2024-06-24
ACC000019,CUST000414,BR002,NRE,INR,154449.55,124723.36,4.0,Active,2019-11-19
ACC000020,CUST000273,BR009,NRE,INR,383151.38,378088.39,4.0,Active,2024-04-30
ACC000021,CUST000494,BR005,Savings,INR,106687.3,245440.93,3.5,Active,2021-04-03
ACC000022,CUST000461,BR002,Savings,INR,259270.34,251621.81,3.5,Active,2021-07-09
ACC000023,CUST000113,BR004,Savings,INR,4588.23,202332.56,3.5,Active,2019-08-30
ACC000024,CUST000264,BR009,Savings,INR,119764.31,303906.53,3.5,Dormant,2021-05-27
ACC000025,CUST000243,BR004,Savings,INR,122255.62,237796.15,3.5,Active,2023-07-26
ACC000026,CUST000211,BR001,Savings,INR,234045.31,439221.86,3.5,Active,2020-02-08
ACC000027,CUST000128,BR007,Salary,INR,96603.45,234303.46,3.0,Active,2020-07-28
ACC000028,CUST000039,BR001,Salary,INR,222122.24,473594.43,3.0,Active,2020-02-06
ACC000029,CUST000048,BR007,Savings,INR,463257.12,710300.63,3.5,Active,2020-11-12
ACC000030,CUST000031,BR005,Savings,INR,83153.92,33908.3,3.5,Active,2023-05-19
ACC000031,CUST000357,BR003,Savings,INR,478701.5,777099.44,3.5,Active,2024-06-16
ACC000032,CUST000377,BR001,Savings,INR,271555.41,483346.86,3.5,Active,2019-08-23
ACC000033,CUST000081,BR002,Salary,INR,29382.91,157122.88,3.0,Active,2021-01-31
ACC000034,CUST000062,BR010,Savings,INR,470856.47,620242.86,3.5,Active,2019-06-12
ACC000035,CUST000162,BR004,Savings,INR,467418.42,488909.14,3.5,Active,2022-07-10
ACC000036,CUST000235,BR001,Savings,INR,158772.42,371924.99,3.5,Closed,2019-10-25
ACC000037,CUST000038,BR006,NRE,INR,269279.57,396339.21,4.0,Active,2020-06-26
ACC000038,CUST000081,BR010,Savings,USD,219654.1,359780.39,3.5,Active,2022-05-24
ACC000039,CUST000342,BR003,Savings,INR,408734.96,463517.52,3.5,Active,2020-02-29
ACC000040,CUST000080,BR004,Current,INR,136901.76,298592.2,0.0,Active,2022-11-05
ACC000041,CUST000129,BR007,Savings,INR,452762.91,698899.21,3.5,Active,2020-01-14
ACC000042,CUST000067,BR009,Savings,INR,318919.58,360603.92,3.5,Active,2023-12-15
ACC000043,CUST000484,BR006,Savings,INR,441670.09,708045.09,3.5,Active,2019-05-28
ACC000044,CUST000158,BR006,Savings,INR,182961.11,459541.91,3.5,Active,2019-06-13
ACC000045,CUST000400,BR004,Savings,INR,280381.88,536531.33,3.5,Closed,2020-09-25
ACC000046,CUST000452,BR007,Current,INR,206734.91,219511.14,0.0,Active,2022-09-22
ACC000047,CUST000137,BR001,Current,INR,80439.72,275887.09,0.0,Active,2023-04-16
ACC000048,CUST000236,BR004,Current,INR,175479.55,412667.28,0.0,Active,2021-07-21
ACC000049,CUST000443,BR009,Savings,INR,35640.96,256305.28,3.5,Closed,2022-12-09
ACC000050,CUST000481,BR003,Savings,INR,14772.67,271736.11,3.5,Closed,2021-12-05
ACC000051,CUST000306,BR007,Savings,INR,217847.32,422838.09,3.5,Active,2022-07-08
ACC000052,CUST000296,BR001,Savings,INR,95849.31,61384.6,3.5,Active,2023-11-22
ACC000053,CUST000482,BR007,Savings,INR,371233.09,555953.07,3.5,Active,2023-01-31
ACC000054,CUST000161,BR009,Savings,INR,332030.35,325649.21,3.5,Active,2022-05-15
ACC000055,CUST000152,BR003,Savings,INR,277651.83,294795.86,3.5,Active,2023-04-02
ACC000056,CUST000001,BR008,Savings,INR,152633.6,176197.54,3.5,Active,2022-08-12
ACC000057,CUST000407,BR002,Savings,INR,450689.23,679297.9,3.5,Active,2020-11-26
ACC000058,CUST000048,BR004,Savings,INR,409393.31,622291.66,3.5,Active,2022-06-25
ACC000059,CUST000244,BR007,Savings,INR,306025.71,524996.98,3.5,Active,2024-02-09
ACC000060,CUST000197,BR002,Current,INR,247694.21,283088.76,0.0,Active,2019-01-23
ACC000061,CUST000357,BR002,Current,INR,259460.92,227037.35,0.0,Active,2021-10-17
ACC000062,CUST000287,BR010,Savings,INR,298130.71,580644.57,3.5,Active,2023-12-18
ACC000063,CUST000465,BR008,Savings,INR,274388.1,538410.94,3.5,Active,2024-04-28
ACC000064,CUST000393,BR005,Savings,INR,389059.74,508668.7,3.5,Active,2021-09-06
ACC000065,CUST000172,BR003,Savings,INR,160535.07,299588.35,3.5,Active,2020-07-20
ACC000066,CUST000033,BR007,Current,INR,208019.08,273827.57,0.0,Active,2024-03-23
ACC000067,CUST000395,BR008,Savings,INR,292455.63,485888.68,3.5,Active,2023-04-08
ACC000068,CUST000437,BR008,Current,INR,445929.13,688434.16,0.0,Active,2021-06-22
ACC000069,CUST000173,BR008,Savings,INR,334767.94,564117.75,3.5,Closed,2020-11-07
ACC000070,CUST000465,BR002,Savings,INR,197616.11,345153.3,3.5,Active,2019-04-22
ACC000071,CUST000026,BR006,Savings,INR,130818.0,195391.43,3.5,Active,2024-02-06
ACC000072,CUST000488,BR008,Savings,INR,416130.22,454425.26,3.5,Active,2019-12-02
ACC000073,CUST000180,BR001,NRE,INR,112886.86,86903.29,4.0,Active,2019-06-14
ACC000074,CUST000079,BR010,Savings,INR,120033.93,235780.3,3.5,Active,2020-04-13
ACC000075,CUST000189,BR003,Savings,USD,84726.78,247263.4,3.5,Active,2020-04-14
ACC000076,CUST000160,BR007,Savings,INR,288322.57,556131.72,3.5,Active,2023-03-18
ACC000077,CUST000426,BR010,Savings,INR,313993.96,299659.42,3.5,Active,2022-05-20
ACC000078,CUST000022,BR002,Savings,INR,174254.68,274186.98,3.5,Active,2023-02-26
ACC000079,CUST000422,BR008,Current,INR,245610.65,347343.84,0.0,Active,2023-01-23
ACC000080,CUST000495,BR008,Current,INR,325578.25,491147.57,0.0,Active,2024-06-03
ACC000081,CUST000437,BR008,Savings,INR,123502.09,400619.75,3.5,Active,2022-02-16
ACC000082,CUST000195,BR003,Savings,INR,168861.91,291869.19,3.5,Active,2022-08-24
ACC000083,CUST000144,BR009,Savings,INR,440279.67,635693.98,3.5,Dormant,2022-02-05
ACC000084,CUST000369,BR008,Savings,INR,203807.63,348119.3,3.5,Active,2021-09-11
ACC000085,CUST000048,BR005,Current,INR,147823.56,239363.96,0.0,Active,2021-09-23
ACC000086,CUST000177,BR006,Savings,INR,213326.4,424403.8,3.5,Active,2022-09-16
ACC000087,CUST000062,BR004,Savings,INR,360920.88,421362.66,3.5,Active,2021-01-28
ACC000088,CUST000390,BR004,Current,INR,262793.8,311843.35,0.0,Active,2020-02-16
ACC000089,CUST000363,BR009,Savings,INR,267533.41,313542.37,3.5,Dormant,2019-08-12
ACC000090,CUST000386,BR008,Savings,INR,245948.47,501400.38,3.5,Active,2022-03-10
ACC000091,CUST000130,BR007,NRE,INR,470590.73,587795.95,4.0,Active,2019-09-25
ACC000092,CUST000078,BR002,Savings,USD,75449.59,222443.45,3.5,Active,2022-05-29
ACC000093,CUST000311,BR007,Current,INR,298467.3,464913.72,0.0,Active,2024-11-10
ACC000094,CUST000220,BR004,Salary,INR,153384.74,320744.3,3.0,Active,2020-02-11
ACC000095,CUST000123,BR007,Savings,INR,87732.96,64005.66,3.5,Active,2019-01-11
ACC000096,CUST000119,BR002,Savings,INR,144764.34,193715.77,3.5,Dormant,2024-02-03
ACC000097,CUST000321,BR007,Current,INR,295305.01,526672.0,0.0,Active,2021-03-21
ACC000098,CUST000137,BR005,Savings,INR,413488.95,388482.39,3.5,Active,2020-11-10
ACC000099,CUST000225,BR005,Salary,INR,63052.48,254089.78,3.0,Active,2023-07-07
ACC000100,CUST000021,BR001,Savings,INR,444822.02,651908.89,3.5,Dormant,2021-10-22
ACC000101,CUST000295,BR010,Current,INR,293974.34,251235.25,0.0,Active,2022-01-08
ACC000102,CUST000334,BR008,Savings,USD,221672.47,269027.27,3.5,Active,2023-11-21
ACC000103,CUST000165,BR007,Savings,INR,335396.62,585603.2,3.5,Active,2022-09-12
ACC000104,CUST000417,BR006,Salary,INR,380489.39,343333.39,3.0,Active,2019-12-27
ACC000105,CUST000443,BR007,Current,INR,257783.53,553625.26,0.0,Active,2024-03-07
ACC000106,CUST000256,BR005,Savings,INR,313078.96,529075.65,3.5,Dormant,2021-04-13
ACC000107,CUST000358,BR003,Savings,INR,242871.19,202975.49,3.5,Active,2021-09-07
ACC000108,CUST000116,BR002,Savings,INR,496136.31,765661.77,3.5,Active,2024-03-05
ACC000109,CUST000150,BR008,Salary,INR,254927.14,300625.85,3.0,Active,2024-05-30
ACC000110,CUST000472,BR002,Savings,INR,300089.42,511291.81,3.5,Active,2020-07-13
ACC000111,CUST000479,BR005,Savings,INR,394070.99,437581.42,3.5,Active,2019-01-11
ACC000112,CUST000338,BR006,Savings,INR,245330.53,247338.93,3.5,Active,2024-06-06
ACC000113,CUST000478,BR010,Savings,INR,161566.9,177595.23,3.5,Active,2021-09-05
ACC000114,CUST000163,BR007,Savings,USD,372607.87,569437.63,3.5,Active,2023-04-11
ACC000115,CUST000078,BR010,Savings,INR,248169.0,211125.86,3.5,Active,2024-08-19
ACC000116,CUST000052,BR007,Current,INR,263449.59,373374.42,0.0,Dormant,2020-08-13
ACC000117,CUST000401,BR002,Savings,INR,484632.61,553129.04,3.5,Active,2023-06-17
ACC000118,CUST000195,BR009,Salary,INR,477115.66,646495.37,3.0,Active,2024-06-21
ACC000119,CUST000472,BR007,Savings,USD,144402.12,174022.32,3.5,Active,2020-01-06
ACC000120,CUST000052,BR001,Current,INR,222395.6,415296.01,0.0,Active,2019-04-29
ACC000121,CUST000221,BR003,Savings,INR,73639.33,209547.54,3.5,Active,2021-01-07
ACC000122,CUST000350,BR004,Savings,INR,121174.07,390664.23,3.5,Active,2020-08-09
ACC000123,CUST000005,BR009,Savings,INR,449555.36,562394.0,3.5,Active,2022-03-24
ACC000124,CUST000301,BR008,Savings,INR,150277.97,436988.15,3.5,Active,2021-10-21
ACC000125,CUST000248,BR010,Savings,INR,54219.98,137697.48,3.5,Active,2023-01-10
ACC000126,CUST000425,BR010,Savings,INR,329456.68,375524.81,3.5,Active,2019-07-20
ACC000127,CUST000398,BR004,Salary,INR,399631.2,562103.95,3.0,Active,2022-12-14
ACC000128,CUST000370,BR002,Savings,INR,383967.92,572267.2,3.5,Active,2020-07-14
ACC000129,CUST000226,BR002,Savings,INR,17648.9,95350.33,3.5,Active,2020-06-22
ACC000130,CUST000103,BR009,Savings,INR,66947.74,205740.46,3.5,Active,2023-02-07
ACC000131,CUST000468,BR006,Savings,INR,412520.22,531166.96,3.5,Active,2022-04-23
ACC000132,CUST000387,BR009,Savings,INR,483283.6,734332.81,3.5,Active,2023-06-16
ACC000133,CUST000275,BR010,Savings,INR,62670.78,141675.76,3.5,Active,2021-12-09
ACC000134,CUST000346,BR010,Savings,INR,117677.13,76435.76,3.5,Active,2022-09-05
ACC000135,CUST000466,BR003,Current,INR,350837.51,528071.32,0.0,Active,2020-04-22
ACC000136,CUST000060,BR007,NRE,INR,49498.81,310039.57,4.0,Active,2020-07-09
ACC000137,CUST000485,BR007,Current,INR,270556.06,426125.18,0.0,Active,2020-09-24
ACC000138,CUST000481,BR004,Savings,INR,475809.24,437259.94,3.5,Dormant,2023-02-26
ACC000139,CUST000051,BR001,Salary,INR,490482.93,569050.17,3.0,Active,2023-01-09
ACC000140,CUST000435,BR010,Savings,USD,412271.35,394357.05,3.5,Active,2021-05-18
ACC000141,CUST000065,BR010,Savings,INR,393702.07,415524.02,3.5,Active,2021-04-28
ACC000142,CUST000076,BR003,Savings,USD,394533.23,553126.8,3.5,Active,2022-02-09
ACC000143,CUST000057,BR006,Current,INR,330867.76,289890.81,0.0,Active,2019-03-02
ACC000144,CUST000090,BR009,Savings,INR,133418.39,127783.88,3.5,Active,2023-09-21
ACC000145,CUST000186,BR004,Savings,INR,257105.74,245274.64,3.5,Active,2024-08-25
ACC000146,CUST000444,BR001,Current,USD,329792.63,385363.25,0.0,Active,2019-05-08
ACC000147,CUST000056,BR002,Savings,INR,245644.16,514039.45,3.5,Active,2019-10-29
ACC000148,CUST000320,BR007,Savings,USD,316905.29,458830.04,3.5,Active,2022-08-24
ACC000149,CUST000310,BR009,Savings,INR,215669.46,443253.09,3.5,Active,2020-04-13
ACC000150,CUST000117,BR007,Savings,INR,207492.97,447089.7,3.5,Active,2023-06-22
ACC000151,CUST000131,BR002,Savings,INR,187776.21,191199.83,3.5,Active,2024-04-26
ACC000152,CUST000382,BR010,Savings,USD,369659.2,603778.45,3.5,Active,2019-09-03
ACC000153,CUST000211,BR001,Savings,USD,177445.44,360314.62,3.5,Active,2023-09-29
ACC000154,CUST000296,BR004,Savings,INR,254198.86,258354.42,3.5,Active,2024-05-29
ACC000155,CUST000059,BR009,Savings,USD,381540.21,532475.21,3.5,Active,2023-10-24
ACC000156,CUST000330,BR001,Savings,INR,278813.14,441961.36,3.5,Active,2021-12-31
ACC000157,CUST000174,BR010,Savings,INR,176160.69,189652.64,3.5,Active,2020-08-09
ACC000158,CUST000498,BR007,Current,INR,16297.89,227437.01,0.0,Active,2021-05-31
ACC000159,CUST000370,BR001,Savings,INR,162867.06,442359.66,3.5,Active,2019-12-14
ACC000160,CUST000042,BR010,Savings,INR,136779.32,318457.86,3.5,Active,2024-06-12
ACC000161,CUST000059,BR009,Current,INR,173241.25,162052.67,0.0,Active,2024-06-16
ACC000162,CUST000307,BR003,Savings,INR,28336.2,49884.29,3.5,Active,2021-05-15
ACC000163,CUST000255,BR009,Savings,INR,373760.05,385253.23,3.5,Active,2023-04-07
ACC000164,CUST000413,BR007,Current,INR,177729.42,266704.33,0.0,Dormant,2019-06-23
ACC000165,CUST000295,BR005,Salary,INR,215212.86,306760.87,3.0,Active,2023-09-07
ACC000166,CUST000411,BR002,Savings,INR,473859.54,584893.46,3.5,Active,2023-01-22
ACC000167,CUST000206,BR006,Savings,INR,262457.31,350975.65,3.5,Active,2022-06-24
ACC000168,CUST000325,BR006,Savings,INR,57899.29,186382.51,3.5,Active,2022-12-02
ACC000169,CUST000121,BR010,Current,INR,52299.46,91888.34,0.0,Active,2020-12-11
ACC000170,CUST000488,BR010,Savings,INR,386651.2,509592.16,3.5,Closed,2024-01-13
ACC000171,CUST000498,BR008,Savings,INR,313981.49,316816.58,3.5,Active,2019-10-07
ACC000172,CUST000029,BR008,Savings,INR,176619.17,152585.9,3.5,Active,2024-03-06
ACC000173,CUST000331,BR007,Savings,INR,432260.77,681613.45,3.5,Active,2024-09-07
ACC000174,CUST000459,BR006,Current,INR,21470.33,289637.81,0.0,Active,2021-02-10
ACC000175,CUST000231,BR002,NRE,INR,52647.44,317341.83,4.0,Active,2022-11-07
ACC000176,CUST000225,BR006,Savings,INR,495502.03,628926.02,3.5,Active,2020-10-12
ACC000177,CUST000174,BR002,Savings,INR,339769.96,308097.89,3.5,Active,2022-10-02
ACC000178,CUST000130,BR006,Savings,INR,362143.09,541940.52,3.5,Active,2020-09-07
ACC000179,CUST000159,BR003,Salary,INR,483880.56,678348.55,3.0,Dormant,2023-05-25
ACC000180,CUST000193,BR009,Savings,INR,322103.14,387069.93,3.5,Active,2020-06-07
ACC000181,CUST000010,BR006,Savings,INR,181936.24,195028.26,3.5,Active,2021-05-27
ACC000182,CUST000071,BR009,Savings,INR,78317.64,131844.88,3.5,Active,2020-02-19
ACC000183,CUST000020,BR010,Salary,INR,331302.69,588040.16,3.0,Active,2020-06-20
ACC000184,CUST000395,BR001,Current,INR,312745.5,578675.09,0.0,Active,2023-11-28
ACC000185,CUST000228,BR004,Savings,INR,305687.12,519024.03,3.5,Active,2024-01-13
ACC000186,CUST000241,BR008,Current,INR,452083.19,469988.85,0.0,Active,2023-12-10
ACC000187,CUST000215,BR005,Savings,INR,483167.81,719079.74,3.5,Active,2020-07-20
ACC000188,CUST000479,BR005,Savings,INR,52192.28,298254.58,3.5,Active,2020-05-25
ACC000189,CUST000263,BR008,Savings,INR,74526.98,177642.38,3.5,Dormant,2021-06-28
ACC000190,CUST000203,BR006,Savings,INR,251501.55,284023.88,3.5,Active,2019-12-01
ACC000191,CUST000366,BR001,Savings,INR,325330.38,552313.6,3.5,Active,2020-07-17
ACC000192,CUST000072,BR002,Savings,INR,379661.74,493850.28,3.5,Active,2019-01-22
ACC000193,CUST000482,BR005,Savings,INR,363890.16,498610.19,3.5,Active,2020-03-31
ACC000194,CUST000328,BR008,Savings,INR,397155.66,507145.43,3.5,Active,2020-03-30
ACC000195,CUST000124,BR010,Savings,INR,359553.62,411498.82,3.5,Active,2019-01-07
ACC000196,CUST000343,BR009,Savings,INR,43721.36,334850.43,3.5,Active,2019-10-05
ACC000197,CUST000011,BR006,Savings,INR,195836.41,310383.69,3.5,Active,2023-05-04
ACC000198,CUST000177,BR010,Current,INR,121321.84,301308.38,0.0,Active,2020-02-29
ACC000199,CUST000280,BR008,Savings,INR,169935.08,344913.55,3.5,Active,2024-03-18
ACC000200,CUST000398,BR001,Savings,INR,471858.97,434803.3,3.5,Active,2021-04-05
ACC000201,CUST000159,BR005,Savings,INR,258176.41,554369.36,3.5,Active,2024-04-23
ACC000202,CUST000442,BR005,Savings,INR,390639.94,643669.34,3.5,Active,2022-09-21
ACC000203,CUST000381,BR003,Salary,INR,220428.58,505196.13,3.0,Active,2022-10-20
ACC000204,CUST000266,BR002,Salary,INR,134093.63,113007.66,3.0,Closed,2023-10-05
ACC000205,CUST000151,BR005,Savings,INR,161284.5,139308.62,3.5,Active,2022-04-25
ACC000206,CUST000228,BR010,Savings,USD,176421.94,141246.25,3.5,Active,2022-12-15
ACC000207,CUST000486,BR006,NRE,INR,29621.67,214536.03,4.0,Active,2023-07-22
ACC000208,CUST000016,BR001,Savings,INR,72246.95,234897.47,3.5,Active,2023-11-30
ACC000209,CUST000186,BR008,Savings,INR,192044.35,340579.97,3.5,Active,2020-09-20
ACC000210,CUST000294,BR005,Current,INR,69709.86,148142.34,0.0,Active,2022-07-11
ACC000211,CUST000256,BR005,Current,INR,259354.89,529094.77,0.0,Active,2020-04-27
ACC000212,CUST000314,BR004,Savings,INR,143502.86,414270.48,3.5,Active,2024-07-04
ACC000213,CUST000461,BR006,Savings,INR,356971.58,656013.42,3.5,Active,2022-08-02
ACC000214,CUST000154,BR006,Savings,INR,425829.66,624962.85,3.5,Active,2020-12-14
ACC000215,CUST000072,BR009,Savings,INR,119131.36,242039.04,3.5,Active,2023-01-18
ACC000216,CUST000067,BR007,NRE,USD,306362.23,286537.65,4.0,Active,2022-06-20
ACC000217,CUST000394,BR006,Savings,INR,205307.33,356522.51,3.5,Active,2020-05-28
ACC000218,CUST000177,BR003,Savings,INR,65038.97,305207.77,3.5,Active,2021-01-15
ACC000219,CUST000064,BR006,Savings,INR,259532.96,315976.55,3.5,Active,2020-10-25
ACC000220,CUST000266,BR004,Salary,INR,447568.03,693644.83,3.0,Active,2021-10-23
ACC000221,CUST000156,BR010,Savings,INR,307599.71,290299.65,3.5,Active,2020-11-21
ACC000222,CUST000369,BR001,Savings,INR,451098.45,519265.31,3.5,Dormant,2019-06-18
ACC000223,CUST000136,BR010,Current,INR,325913.86,544349.51,0.0,Active,2023-09-03
ACC000224,CUST000149,BR007,Savings,INR,321311.74,377044.68,3.5,Active,2021-09-30
ACC000225,CUST000226,BR010,Savings,INR,208395.25,320950.01,3.5,Active,2022-10-25
ACC000226,CUST000441,BR009,Savings,INR,173339.91,262890.72,3.5,Active,2023-02-26
ACC000227,CUST000137,BR005,Savings,INR,225348.41,224655.58,3.5,Active,2019-07-27
ACC000228,CUST000493,BR010,Savings,INR,432788.44,438683.32,3.5,Active,2022-09-03
ACC000229,CUST000264,BR001,Savings,INR,233940.74,491617.22,3.5,Active,2024-07-30
ACC000230,CUST000124,BR005,Savings,INR,108357.07,181870.35,3.5,Active,2019-07-27
ACC000231,CUST000241,BR007,Savings,INR,143588.44,96450.53,3.5,Active,2020-03-16
ACC000232,CUST000207,BR006,Savings,INR,183602.74,273806.31,3.5,Active,2021-03-08
ACC000233,CUST000392,BR003,Savings,USD,275378.69,514237.65,3.5,Active,2020-05-01
ACC000234,CUST000174,BR004,Current,INR,279358.09,357320.32,0.0,Active,2020-08-13
ACC000235,CUST000020,BR009,Savings,INR,69381.15,135945.4,3.5,Active,2024-04-24
ACC000236,CUST000168,BR010,Savings,INR,465753.0,527238.51,3.5,Active,2023-05-29
ACC000237,CUST000425,BR008,Savings,INR,255347.34,376793.67,3.5,Active,2022-05-12
ACC000238,CUST000214,BR010,Savings,INR,292267.37,521131.55,3.5,Dormant,2019-04-20
ACC000239,CUST000398,BR010,Current,INR,289658.69,319298.82,0.0,Active,2019-07-30
ACC000240,CUST000397,BR001,Current,INR,420742.4,422463.9,0.0,Active,2021-09-19
ACC000241,CUST000226,BR007,Savings,INR,157532.55,160533.49,3.5,Active,2021-04-15
ACC000242,CUST000435,BR009,Savings,INR,368182.8,339981.25,3.5,Active,2020-07-19
ACC000243,CUST000270,BR009,Savings,INR,189035.56,473875.48,3.5,Active,2024-02-26
ACC000244,CUST000370,BR010,Current,INR,340692.2,571970.59,0.0,Dormant,2021-12-18
ACC000245,CUST000153,BR005,Savings,INR,113208.65,403727.37,3.5,Active,2022-05-04
ACC000246,CUST000246,BR005,Savings,INR,175052.78,451847.91,3.5,Active,2022-01-25
ACC000247,CUST000203,BR005,Savings,INR,409370.35,693483.45,3.5,Dormant,2020-08-22
ACC000248,CUST000474,BR004,Savings,INR,221745.68,261501.07,3.5,Active,2024-05-16
ACC000249,CUST000357,BR004,Salary,INR,136539.11,124768.41,3.0,Active,2021-09-07
ACC000250,CUST000120,BR002,Savings,INR,27193.06,121848.54,3.5,Active,2024-04-18
ACC000251,CUST000476,BR008,NRE,INR,79812.6,258325.08,4.0,Active,2024-05-02
ACC000252,CUST000147,BR010,Savings,INR,323303.06,591081.0,3.5,Active,2020-01-02
ACC000253,CUST000020,BR001,Salary,USD,456701.63,467974.3,3.0,Active,2020-12-21
ACC000254,CUST000480,BR001,Savings,INR,374752.6,630054.34,3.5,Active,2022-03-31
ACC000255,CUST000172,BR008,Savings,INR,142996.26,439181.07,3.5,Active,2024-11-17
ACC000256,CUST000140,BR008,Savings,INR,97212.89,86639.26,3.5,Active,2020-10-27
ACC000257,CUST000173,BR003,Savings,INR,395593.06,544316.49,3.5,Active,2021-03-02
ACC000258,CUST000219,BR003,Savings,USD,258125.05,238483.27,3.5,Active,2020-01-26
ACC000259,CUST000004,BR006,Salary,INR,131131.85,163564.29,3.0,Active,2021-12-29
ACC000260,CUST000335,BR008,Savings,INR,180416.49,213122.39,3.5,Active,2020-04-29
ACC000261,CUST000459,BR005,Savings,INR,444012.91,663457.28,3.5,Active,2020-04-25
ACC000262,CUST000245,BR007,NRE,INR,77439.6,289146.79,4.0,Active,2023-03-11
ACC000263,CUST000411,BR010,Current,INR,332383.13,358827.2,0.0,Active,2021-10-10
ACC000264,CUST000361,BR001,Savings,INR,181530.65,452566.3,3.5,Active,2020-04-04
ACC000265,CUST000275,BR008,Savings,INR,75776.34,140617.51,3.5,Active,2024-11-01
ACC000266,CUST000047,BR008,Savings,INR,449545.79,555464.73,3.5,Active,2019-08-16
ACC000267,CUST000287,BR007,Savings,INR,231726.77,464147.14,3.5,Active,2019-03-31
ACC000268,CUST000038,BR009,Savings,USD,23599.61,94184.71,3.5,Dormant,2019-09-19
ACC000269,CUST000479,BR003,Savings,INR,236563.53,287045.28,3.5,Closed,2021-01-07
ACC000270,CUST000216,BR007,Savings,INR,187856.0,449822.76,3.5,Active,2024-01-12
ACC000271,CUST000277,BR003,Savings,USD,67361.91,318462.21,3.5,Active,2020-04-30
ACC000272,CUST000115,BR008,Savings,INR,417575.98,632238.78,3.5,Active,2022-05-07
ACC000273,CUST000422,BR005,Savings,INR,115602.37,226821.22,3.5,Active,2020-09-27
ACC000274,CUST000017,BR004,Current,INR,404929.61,501663.82,0.0,Active,2019-03-06
ACC000275,CUST000307,BR001,Savings,INR,336339.79,591614.14,3.5,Active,2021-09-29
ACC000276,CUST000443,BR004,Savings,INR,388255.75,387303.2,3.5,Active,2022-03-30
ACC000277,CUST000307,BR005,Savings,INR,386496.57,622930.44,3.5,Closed,2021-08-28
ACC000278,CUST000212,BR007,Savings,INR,150949.98,122285.15,3.5,Active,2020-12-18
ACC000279,CUST000330,BR007,Savings,INR,335999.92,561031.53,3.5,Active,2022-07-29
ACC000280,CUST000276,BR003,Savings,INR,237285.89,484555.22,3.5,Active,2022-05-16
ACC000281,CUST000496,BR004,Savings,INR,208837.43,344334.56,3.5,Active,2023-05-10
ACC000282,CUST000231,BR001,Savings,INR,423719.56,406081.96,3.5,Active,2021-02-19
ACC000283,CUST000448,BR008,Savings,INR,37319.38,268947.1,3.5,Active,2021-06-07
ACC000284,CUST000466,BR008,Savings,INR,8651.52,286657.44,3.5,Active,2020-04-25
ACC000285,CUST000204,BR007,Current,INR,457648.1,600875.85,0.0,Active,2022-03-05
ACC000286,CUST000185,BR008,Savings,INR,256895.45,380942.5,3.5,Active,2020-02-08
ACC000287,CUST000161,BR003,Savings,INR,207551.16,354434.81,3.5,Active,2021-06-25
ACC000288,CUST000369,BR004,Savings,INR,209371.46,212715.45,3.5,Active,2022-09-13
ACC000289,CUST000336,BR008,Savings,INR,471788.81,539936.31,3.5,Active,2024-06-24
ACC000290,CUST000072,BR009,Savings,INR,360436.45,481347.16,3.5,Active,2019-08-29
ACC000291,CUST000343,BR004,Salary,INR,25208.68,0.0,3.0,Active,2020-07-17
ACC000292,CUST000234,BR008,Savings,INR,187227.15,353469.48,3.5,Active,2024-06-02
ACC000293,CUST000009,BR001,Savings,INR,265179.41,311338.67,3.5,Active,2022-03-20
ACC000294,CUST000482,BR009,Savings,INR,454976.91,442432.66,3.5,Active,2020-01-30
ACC000295,CUST000418,BR006,Savings,USD,177866.11,406093.83,3.5,Active,2019-11-20
ACC000296,CUST000357,BR001,Savings,INR,113702.77,303117.34,3.5,Active,2019-11-27
ACC000297,CUST000029,BR008,Savings,INR,318737.29,514733.09,3.5,Active,2019-12-05
ACC000298,CUST000440,BR004,Savings,INR,486946.03,750122.95,3.5,Active,2019-06-24
ACC000299,CUST000244,BR009,Salary,INR,136276.43,409732.17,3.0,Active,2022-02-22
ACC000300,CUST000162,BR007,Salary,INR,8813.39,31318.73,3.0,Active,2020-08-13
ACC000301,CUST000291,BR007,Savings,INR,417490.63,503695.44,3.5,Active,2022-09-20
ACC000302,CUST000371,BR001,NRE,INR,40135.42,251045.22,4.0,Active,2022-11-17
ACC000303,CUST000310,BR006,Savings,INR,384733.82,668934.26,3.5,Active,2023-06-13
ACC000304,CUST000252,BR007,NRE,INR,114841.06,258404.26,4.0,Active,2023-03-18
ACC000305,CUST000396,BR002,Savings,INR,309689.33,539008.64,3.5,Active,2019-10-29
ACC000306,CUST000079,BR002,Current,INR,370087.99,430925.37,0.0,Active,2020-03-12
ACC000307,CUST000139,BR008,Savings,INR,52013.48,32567.51,3.5,Active,2023-11-01
ACC000308,CUST000046,BR007,Savings,INR,177603.23,160175.72,3.5,Active,2022-08-21
ACC000309,CUST000372,BR010,Current,INR,450666.89,717489.54,0.0,Active,2021-09-21
ACC000310,CUST000138,BR003,Savings,INR,151264.5,273857.88,3.5,Active,2019-09-17
ACC000311,CUST000040,BR010,Savings,INR,181201.33,461679.13,3.5,Active,2024-07-23
ACC000312,CUST000004,BR006,Savings,INR,474462.91,540738.94,3.5,Active,2023-04-06
ACC000313,CUST000334,BR010,Current,INR,487138.46,484782.03,0.0,Active,2022-08-06
ACC000314,CUST000494,BR010,Savings,INR,199721.55,261419.73,3.5,Active,2024-07-04
ACC000315,CUST000403,BR010,Savings,USD,197074.63,186935.37,3.5,Active,2021-03-29
ACC000316,CUST000014,BR008,Current,INR,476549.3,588117.08,0.0,Active,2021-05-08
ACC000317,CUST000435,BR003,Savings,INR,398032.76,491232.32,3.5,Active,2024-08-07
ACC000318,CUST000367,BR010,Savings,INR,212140.85,294087.64,3.5,Active,2024-01-14
ACC000319,CUST000472,BR006,Savings,INR,434947.23,531352.47,3.5,Active,2019-05-31
ACC000320,CUST000469,BR003,Savings,INR,43405.99,262539.91,3.5,Active,2022-12-25
ACC000321,CUST000347,BR007,NRE,INR,323725.06,612108.96,4.0,Active,2022-09-20
ACC000322,CUST000383,BR008,Savings,INR,259880.09,413061.49,3.5,Active,2021-06-24
ACC000323,CUST000354,BR008,Savings,INR,250732.43,321471.02,3.5,Active,2019-04-11
ACC000324,CUST000060,BR005,NRE,INR,415827.55,621380.3,4.0,Active,2022-11-27
ACC000325,CUST000179,BR006,Savings,INR,238605.1,341963.18,3.5,Active,2024-01-28
ACC000326,CUST000012,BR004,Current,INR,424740.82,601530.29,0.0,Active,2020-11-04
ACC000327,CUST000219,BR003,Savings,INR,479272.85,510422.29,3.5,Active,2023-07-18
ACC000328,CUST000378,BR007,Savings,INR,307439.36,326502.91,3.5,Active,2023-10-26
ACC000329,CUST000361,BR009,Savings,INR,404556.16,376453.47,3.5,Active,2020-02-21
ACC000330,CUST000135,BR010,Savings,INR,335680.01,456999.4,3.5,Active,2022-07-07
ACC000331,CUST000181,BR010,Savings,INR,422913.38,588990.32,3.5,Active,2022-05-03
ACC000332,CUST000123,BR009,Savings,INR,153384.62,167450.2,3.5,Active,2020-08-02
ACC000333,CUST000217,BR009,Savings,INR,93691.1,266116.67,3.5,Active,2020-12-10
ACC000334,CUST000432,BR001,Savings,INR,226049.48,194813.42,3.5,Active,2023-01-10
ACC000335,CUST000288,BR007,Savings,INR,253213.57,376453.02,3.5,Active,2024-07-07
ACC000336,CUST000290,BR001,Savings,INR,16399.49,232769.31,3.5,Active,2022-04-11
ACC000337,CUST000235,BR009,Savings,INR,283259.58,503651.25,3.5,Active,2024-07-21
ACC000338,CUST000279,BR008,Savings,INR,411818.12,490219.74,3.5,Closed,2019-06-20
ACC000339,CUST000425,BR008,Savings,INR,327182.18,363818.25,3.5,Active,2019-05-13
ACC000340,CUST000444,BR004,Savings,INR,496984.88,718455.96,3.5,Active,2021-08-28
ACC000341,CUST000364,BR004,Savings,INR,305520.64,405379.11,3.5,Active,2020-07-24
ACC000342,CUST000273,BR005,Savings,INR,141261.42,279830.41,3.5,Active,2022-08-18
ACC000343,CUST000461,BR001,Salary,USD,339970.36,323299.17,3.0,Active,2023-08-13
ACC000344,CUST000444,BR004,Savings,INR,67212.74,68397.95,3.5,Active,2022-08-12
ACC000345,CUST000296,BR008,Savings,INR,316568.59,486303.08,3.5,Active,2023-03-17
ACC000346,CUST000207,BR008,Current,USD,258291.12,305670.11,0.0,Active,2023-02-20
ACC000347,CUST000397,BR006,Savings,INR,423736.5,406336.08,3.5,Active,2024-02-21
ACC000348,CUST000496,BR006,Savings,INR,215391.91,239539.92,3.5,Active,2022-01-04
ACC000349,CUST000290,BR001,Savings,INR,426358.87,652265.15,3.5,Active,2019-07-18
ACC000350,CUST000064,BR001,Savings,USD,464787.0,470081.23,3.5,Active,2024-02-13
ACC000351,CUST000466,BR005,NRE,INR,66824.63,244323.65,4.0,Active,2020-10-13
ACC000352,CUST000341,BR005,Savings,INR,451996.33,459930.11,3.5,Active,2023-06-12
ACC000353,CUST000047,BR002,Savings,INR,352145.32,302525.53,3.5,Active,2024-05-07
ACC000354,CUST000005,BR007,Savings,INR,5023.22,75274.17,3.5,Active,2020-05-08
ACC000355,CUST000046,BR006,Savings,INR,365650.93,351500.44,3.5,Active,2022-07-07
ACC000356,CUST000386,BR002,Current,INR,437374.15,611925.8,0.0,Active,2020-08-08
ACC000357,CUST000226,BR007,Savings,INR,176242.67,200812.08,3.5,Active,2020-09-12
ACC000358,CUST000460,BR006,Savings,USD,51132.09,264488.07,3.5,Active,2023-04-22
ACC000359,CUST000142,BR001,Savings,INR,322665.66,359524.12,3.5,Active,2022-03-13
ACC000360,CUST000266,BR005,Savings,INR,303856.51,319882.79,3.5,Active,2023-05-24
ACC000361,CUST000123,BR010,Current,INR,247948.97,237409.25,0.0,Active,2024-08-08
ACC000362,CUST000185,BR006,Savings,INR,467028.28,463222.29,3.5,Active,2023-09-20
ACC000363,CUST000395,BR005,Savings,INR,37422.93,193000.15,3.5,Dormant,2019-02-26
ACC000364,CUST000204,BR007,Salary,INR,253798.69,423798.43,3.0,Active,2024-08-14
ACC000365,CUST000276,BR002,Savings,INR,308407.48,355521.19,3.5,Active,2022-06-23
ACC000366,CUST000275,BR005,Current,INR,164048.4,319301.41,0.0,Active,2019-09-28
ACC000367,CUST000030,BR008,Current,INR,122995.4,396615.11,0.0,Active,2020-04-20
ACC000368,CUST000337,BR001,Savings,INR,370588.43,362393.48,3.5,Dormant,2020-07-16
ACC000369,CUST000401,BR003,Savings,INR,411430.93,452167.37,3.5,Active,2023-03-04
ACC000370,CUST000061,BR005,Current,INR,385943.71,346218.4,0.0,Active,2023-10-25
ACC000371,CUST000322,BR001,NRE,INR,39457.95,148777.17,4.0,Active,2023-01-15
ACC000372,CUST000131,BR004,Savings,INR,386891.15,649885.1,3.5,Active,2020-04-17
ACC000373,CUST000007,BR003,Salary,INR,123031.17,238148.78,3.0,Dormant,2023-04-18
ACC000374,CUST000412,BR004,Savings,INR,457059.89,666292.93,3.5,Active,2023-09-14
ACC000375,CUST000139,BR009,Current,INR,413172.5,563210.09,0.0,Active,2020-05-04
ACC000376,CUST000265,BR008,Savings,INR,490725.52,774653.31,3.5,Active,2019-10-10
ACC000377,CUST000045,BR005,Savings,INR,276992.61,229781.82,3.5,Active,2021-04-01
ACC000378,CUST000238,BR009,Savings,INR,184768.54,474918.75,3.5,Active,2021-03-11
ACC000379,CUST000210,BR006,Savings,INR,12931.22,152472.04,3.5,Active,2019-02-09
ACC000380,CUST000373,BR007,Current,INR,154447.81,176265.84,0.0,Active,2021-09-02
ACC000381,CUST000365,BR009,NRE,INR,140632.81,105997.9,4.0,Active,2021-08-06
ACC000382,CUST000383,BR007,Savings,INR,43366.31,26818.26,3.5,Active,2020-06-30
ACC000383,CUST000494,BR007,Savings,INR,66223.43,118310.04,3.5,Active,2022-07-14
ACC000384,CUST000140,BR010,Savings,INR,117572.0,397816.14,3.5,Active,2020-07-11
ACC000385,CUST000161,BR008,Savings,INR,203849.76,341423.35,3.5,Active,2021-04-30
ACC000386,CUST000081,BR004,Savings,INR,403990.86,460466.1,3.5,Active,2019-06-15
ACC000387,CUST000128,BR005,Savings,INR,484231.6,572917.16,3.5,Closed,2019-07-20
ACC000388,CUST000208,BR002,Savings,INR,427446.05,572029.87,3.5,Active,2021-10-20
ACC000389,CUST000007,BR003,Savings,INR,31772.92,255108.92,3.5,Active,2021-06-29
ACC000390,CUST000481,BR002,Savings,INR,322697.82,476511.15,3.5,Active,2021-11-26
ACC000391,CUST000228,BR002,Salary,INR,404840.03,387032.55,3.0,Active,2022-09-20
ACC000392,CUST000294,BR001,Savings,INR,217145.03,420695.83,3.5,Active,2024-07-25
ACC000393,CUST000466,BR001,Savings,INR,94388.41,142337.5,3.5,Active,2020-08-31
ACC000394,CUST000256,BR002,Savings,INR,206584.11,349325.14,3.5,Active,2019-09-07
ACC000395,CUST000453,BR007,Savings,INR,398801.77,436003.48,3.5,Active,2019-03-21
ACC000396,CUST000249,BR007,Savings,INR,172673.03,320650.92,3.5,Active,2022-08-10
ACC000397,CUST000016,BR008,Savings,INR,447986.63,670475.03,3.5,Active,2019-08-28
ACC000398,CUST000499,BR005,NRE,INR,80652.78,117402.75,4.0,Active,2021-09-14
ACC000399,CUST000392,BR006,Current,INR,498199.63,524993.69,0.0,Closed,2023-05-10
ACC000400,CUST000122,BR010,Savings,INR,296667.24,528840.82,3.5,Active,2023-01-09
ACC000401,CUST000289,BR009,Salary,INR,71909.04,353838.02,3.0,Active,2024-07-09
ACC000402,CUST000120,BR001,Savings,INR,301229.73,258204.53,3.5,Active,2024-05-11
ACC000403,CUST000175,BR001,Current,INR,358751.88,630325.16,0.0,Active,2022-08-18
ACC000404,CUST000397,BR002,Salary,INR,56349.38,190552.59,3.0,Dormant,2023-02-03
ACC000405,CUST000052,BR007,Savings,INR,168943.97,231855.09,3.5,Dormant,2020-10-07
ACC000406,CUST000090,BR004,Savings,INR,353884.28,500576.34,3.5,Active,2023-01-01
ACC000407,CUST000376,BR010,Savings,INR,344560.72,339132.65,3.5,Closed,2019-01-08
ACC000408,CUST000017,BR010,NRE,INR,91858.8,153234.72,4.0,Active,2021-06-23
ACC000409,CUST000040,BR002,Savings,INR,119759.97,413592.85,3.5,Active,2020-11-18
ACC000410,CUST000172,BR002,Current,INR,223868.34,266692.69,0.0,Active,2021-10-19
ACC000411,CUST000025,BR007,Current,INR,193582.61,399987.18,0.0,Active,2020-11-12
ACC000412,CUST000052,BR003,Savings,INR,414574.68,640630.18,3.5,Active,2021-07-12
ACC000413,CUST000011,BR006,Savings,INR,160039.74,443121.49,3.5,Active,2019-10-31
ACC000414,CUST000281,BR010,Current,USD,470975.24,763289.77,0.0,Active,2022-10-16
ACC000415,CUST000221,BR003,Current,INR,471278.69,479027.71,0.0,Active,2023-11-14
ACC000416,CUST000210,BR005,NRE,INR,348901.16,551614.5,4.0,Active,2021-12-22
ACC000417,CUST000282,BR001,Savings,INR,420087.4,423843.88,3.5,Active,2023-01-17
ACC000418,CUST000308,BR003,Savings,INR,240683.87,224629.28,3.5,Closed,2021-04-27
ACC000419,CUST000060,BR005,Savings,INR,154868.35,243981.92,3.5,Active,2024-06-26
ACC000420,CUST000454,BR005,Savings,INR,191341.15,206645.18,3.5,Active,2019-07-02
ACC000421,CUST000289,BR002,Current,INR,31758.05,245040.35,0.0,Active,2020-02-01
ACC000422,CUST000388,BR009,Savings,INR,295273.49,439034.16,3.5,Active,2023-05-05
ACC000423,CUST000244,BR002,Salary,INR,286784.43,319259.14,3.0,Active,2022-05-09
ACC000424,CUST000293,BR002,Savings,INR,450327.08,680484.7,3.5,Active,2020-08-26
ACC000425,CUST000086,BR001,Salary,INR,486110.27,719071.52,3.0,Closed,2020-05-31
ACC000426,CUST000422,BR006,Savings,INR,313985.88,555923.72,3.5,Active,2021-11-22
ACC000427,CUST000199,BR009,Savings,INR,278625.74,421844.71,3.5,Active,2022-02-05
ACC000428,CUST000320,BR007,Current,INR,294200.47,517790.45,0.0,Active,2020-04-05
ACC000429,CUST000494,BR005,Savings,INR,469885.34,743610.2,3.5,Active,2020-02-18
ACC000430,CUST000136,BR001,Salary,INR,192138.69,312093.37,3.0,Active,2024-04-21
ACC000431,CUST000349,BR004,Savings,INR,347136.97,310710.86,3.5,Active,2022-09-19
ACC000432,CUST000191,BR005,Savings,INR,11096.21,247181.28,3.5,Active,2022-05-26
ACC000433,CUST000051,BR008,Savings,INR,486275.82,516060.91,3.5,Active,2022-05-15
ACC000434,CUST000310,BR007,Current,INR,323131.85,338909.34,0.0,Active,2021-05-15
ACC000435,CUST000421,BR005,Salary,INR,29046.7,256068.34,3.0,Active,2019-09-26
ACC000436,CUST000269,BR004,Current,INR,439786.96,399918.82,0.0,Active,2021-02-28
ACC000437,CUST000471,BR008,Savings,INR,180827.17,200515.59,3.5,Active,2023-02-17
ACC000438,CUST000016,BR003,Savings,USD,121727.11,242802.47,3.5,Active,2024-01-02
ACC000439,CUST000177,BR005,Savings,INR,82593.29,345665.46,3.5,Active,2020-01-06
ACC000440,CUST000400,BR004,Salary,INR,482493.89,732482.81,3.0,Active,2021-07-11
ACC000441,CUST000400,BR003,Savings,INR,483602.04,672371.95,3.5,Active,2024-04-25
ACC000442,CUST000130,BR007,Savings,INR,304563.6,584615.34,3.5,Active,2022-02-01
ACC000443,CUST000112,BR010,Savings,INR,233882.31,420900.96,3.5,Active,2023-06-15
ACC000444,CUST000432,BR005,Savings,INR,419849.83,566359.82,3.5,Active,2022-03-03
ACC000445,CUST000142,BR005,Savings,INR,320656.78,572178.84,3.5,Active,2021-12-05
ACC000446,CUST000030,BR006,Savings,INR,402909.48,633736.79,3.5,Active,2023-07-14
ACC000447,CUST000152,BR001,Savings,INR,130453.71,226951.7,3.5,Closed,2023-05-10
ACC000448,CUST000176,BR008,Current,INR,363548.39,391375.51,0.0,Active,2024-12-29
ACC000449,CUST000433,BR005,Savings,INR,85823.35,265988.49,3.5,Active,2021-01-11
ACC000450,CUST000414,BR002,Savings,INR,279956.8,549375.47,3.5,Active,2022-10-06
ACC000451,CUST000216,BR010,Salary,INR,394257.13,460218.13,3.0,Active,2021-12-03
ACC000452,CUST000444,BR008,Savings,INR,317563.98,470673.57,3.5,Active,2019-10-19
ACC000453,CUST000196,BR003,Salary,USD,265389.41,359976.95,3.0,Active,2020-09-09
ACC000454,CUST000458,BR003,NRE,INR,453403.85,563553.85,4.0,Active,2022-07-19
ACC000455,CUST000091,BR005,Savings,INR,157393.62,127698.38,3.5,Active,2024-01-26
ACC000456,CUST000082,BR003,Savings,INR,245298.97,462548.18,3.5,Active,2019-12-27
ACC000457,CUST000495,BR004,Savings,INR,239222.74,190856.94,3.5,Dormant,2024-12-26
ACC000458,CUST000388,BR004,Salary,INR,416781.1,433482.95,3.0,Active,2019-01-17
ACC000459,CUST000053,BR002,Savings,INR,192391.69,348426.43,3.5,Active,2020-11-15
ACC000460,CUST000373,BR003,Savings,INR,260623.92,394065.1,3.5,Active,2023-11-12
ACC000461,CUST000097,BR001,Savings,INR,83276.87,350689.85,3.5,Active,2023-07-11
ACC000462,CUST000376,BR006,Savings,INR,11934.72,138556.46,3.5,Active,2020-05-19
ACC000463,CUST000328,BR010,Savings,USD,128638.8,265795.5,3.5,Active,2019-07-19
ACC000464,CUST000011,BR007,Savings,INR,25069.29,15595.73,3.5,Active,2023-12-25
ACC000465,CUST000106,BR007,Current,INR,347900.82,518509.79,0.0,Active,2022-05-18
ACC000466,CUST000311,BR009,Savings,INR,350662.45,447251.46,3.5,Active,2020-03-05
ACC000467,CUST000055,BR009,Savings,USD,249371.79,412522.42,3.5,Active,2021-12-13
ACC000468,CUST000083,BR008,Savings,INR,20663.45,144387.6,3.5,Active,2021-04-30
ACC000469,CUST000465,BR003,Savings,INR,56105.03,207058.5,3.5,Active,2024-07-16
ACC000470,CUST000371,BR008,Savings,USD,51543.95,91106.19,3.5,Active,2021-08-04
ACC000471,CUST000052,BR006,Savings,INR,406776.03,662725.19,3.5,Active,2022-04-05
ACC000472,CUST000049,BR003,Current,INR,425771.7,687373.9,0.0,Active,2019-02-09
ACC000473,CUST000225,BR006,Savings,INR,477589.49,521497.78,3.5,Active,2020-01-16
ACC000474,CUST000493,BR007,Savings,INR,228812.8,471310.72,3.5,Active,2024-05-12
ACC000475,CUST000357,BR002,Savings,INR,363479.14,657028.35,3.5,Active,2020-10-14
ACC000476,CUST000348,BR010,Current,INR,219643.24,383606.35,0.0,Active,2023-01-08
ACC000477,CUST000499,BR002,Current,INR,445989.64,565067.52,0.0,Active,2024-06-22
ACC000478,CUST000336,BR010,Savings,INR,157804.73,354403.59,3.5,Active,2024-11-19
ACC000479,CUST000448,BR007,NRE,INR,169812.02,302898.13,4.0,Active,2020-01-26
ACC000480,CUST000347,BR001,Savings,INR,321060.82,323089.88,3.5,Active,2019-08-12
ACC000481,CUST000437,BR006,Current,INR,248421.63,256312.99,0.0,Closed,2024-07-06
ACC000482,CUST000115,BR002,Savings,INR,275697.29,358220.45,3.5,Active,2021-08-20
ACC000483,CUST000439,BR001,Savings,INR,249729.62,310351.15,3.5,Active,2024-07-30
ACC000484,CUST000001,BR009,Savings,INR,413128.47,640252.62,3.5,Active,2022-06-01
ACC000485,CUST000175,BR008,Savings,INR,182307.9,151304.22,3.5,Active,2021-07-02
ACC000486,CUST000367,BR002,Savings,INR,328926.44,529496.17,3.5,Active,2020-04-12
ACC000487,CUST000425,BR006,Savings,INR,317196.93,547166.38,3.5,Active,2024-11-08
ACC000488,CUST000072,BR002,Savings,INR,411097.49,620976.3,3.5,Active,2023-08-04
ACC000489,CUST000437,BR006,Savings,INR,197055.35,307021.45,3.5,Active,2021-02-19
ACC000490,CUST000429,BR008,Salary,INR,336398.74,329525.46,3.0,Dormant,2024-01-20
ACC000491,CUST000256,BR010,Savings,INR,3164.48,210839.36,3.5,Active,2023-11-08
ACC000492,CUST000091,BR002,Salary,INR,346217.04,356994.63,3.0,Active,2020-06-09
ACC000493,CUST000259,BR005,Salary,INR,440813.89,537346.55,3.0,Active,2021-10-13
ACC000494,CUST000413,BR005,Savings,INR,67552.54,162013.46,3.5,Active,2024-09-29
ACC000495,CUST000378,BR004,Savings,INR,467820.53,639224.68,3.5,Active,2021-04-02
ACC000496,CUST000345,BR009,Savings,INR,67203.19,265841.95,3.5,Active,2020-12-29
ACC000497,CUST000390,BR009,Current,INR,176766.66,294896.13,0.0,Active,2023-09-06
ACC000498,CUST000268,BR001,Current,INR,54128.76,137433.37,0.0,Active,2019-08-06
ACC000499,CUST000147,BR005,Savings,INR,342011.77,343261.71,3.5,Active,2019-09-12
ACC000500,CUST000232,BR009,Savings,INR,52137.52,305949.9,3.5,Active,2021-07-07
ACC000501,CUST000357,BR007,Current,INR,144531.69,327104.44,0.0,Active,2023-04-12
ACC000502,CUST000495,BR004,Savings,INR,276510.17,231048.0,3.5,Active,2021-10-26
ACC000503,CUST000425,BR010,Salary,INR,113548.7,285374.67,3.0,Active,2023-02-15
ACC000504,CUST000494,BR003,Current,USD,97555.36,204640.58,0.0,Active,2019-11-02
ACC000505,CUST000021,BR003,Savings,INR,214825.4,359634.92,3.5,Active,2020-06-16
ACC000506,CUST000364,BR010,Savings,INR,468809.73,432788.94,3.5,Dormant,2022-08-14
ACC000507,CUST000339,BR002,Savings,INR,151276.25,377744.11,3.5,Active,2023-01-06
ACC000508,CUST000095,BR007,Savings,INR,260782.54,485972.92,3.5,Active,2020-10-14
ACC000509,CUST000453,BR005,Savings,INR,107463.55,173622.78,3.5,Active,2023-01-17
ACC000510,CUST000288,BR002,Savings,INR,412020.51,705417.13,3.5,Active,2019-02-06
ACC000511,CUST000315,BR006,Salary,INR,459385.04,494724.55,3.0,Active,2019-06-13
ACC000512,CUST000132,BR006,Savings,INR,270578.42,319568.57,3.5,Active,2024-10-18
ACC000513,CUST000152,BR002,Savings,INR,449242.52,466621.86,3.5,Active,2024-10-05
ACC000514,CUST000276,BR004,NRE,INR,267069.71,436496.29,4.0,Active,2021-05-13
ACC000515,CUST000276,BR002,Savings,INR,414545.59,672068.62,3.5,Active,2023-11-18
ACC000516,CUST000170,BR005,Savings,INR,19905.27,0.0,3.5,Active,2020-12-30
ACC000517,CUST000133,BR007,Savings,INR,204408.76,312302.74,3.5,Active,2023-07-15
ACC000518,CUST000004,BR002,Savings,INR,321069.95,487492.23,3.5,Active,2019-07-06
ACC000519,CUST000352,BR007,Savings,INR,151374.0,131650.83,3.5,Active,2023-11-28
ACC000520,CUST000274,BR003,Savings,INR,110713.0,322076.87,3.5,Active,2022-04-23
ACC000521,CUST000444,BR009,NRE,INR,364932.96,445528.64,4.0,Active,2019-02-15
ACC000522,CUST000294,BR005,Savings,INR,298730.79,436734.01,3.5,Active,2019-12-15
ACC000523,CUST000109,BR003,Current,INR,206914.59,382990.62,0.0,Active,2024-09-30
ACC000524,CUST000100,BR009,Current,INR,58196.65,243038.92,0.0,Active,2019-08-11
ACC000525,CUST000035,BR006,Savings,INR,126093.12,145189.28,3.5,Active,2024-06-18
ACC000526,CUST000146,BR008,Savings,INR,310138.37,575179.88,3.5,Active,2022-07-25
ACC000527,CUST000300,BR007,Savings,INR,77045.09,225446.75,3.5,Active,2022-07-19
ACC000528,CUST000365,BR003,Current,INR,370168.29,472811.71,0.0,Active,2023-01-12
ACC000529,CUST000229,BR003,Savings,INR,180012.06,236927.19,3.5,Active,2020-03-21
ACC000530,CUST000424,BR002,Savings,INR,70860.83,209377.14,3.5,Active,2021-12-14
ACC000531,CUST000324,BR010,Current,INR,16565.92,170227.59,0.0,Active,2023-07-18
ACC000532,CUST000458,BR006,Savings,INR,499365.36,614601.74,3.5,Active,2020-08-31
ACC000533,CUST000439,BR002,Savings,INR,146208.58,258853.98,3.5,Active,2024-09-21
ACC000534,CUST000435,BR009,Savings,INR,482036.13,775684.75,3.5,Active,2020-11-10
ACC000535,CUST000290,BR006,Savings,INR,330047.24,618754.69,3.5,Active,2024-06-03
ACC000536,CUST000136,BR009,Savings,INR,185348.16,150331.11,3.5,Active,2021-04-26
ACC000537,CUST000233,BR002,Savings,INR,440894.44,404861.08,3.5,Active,2022-08-20
ACC000538,CUST000428,BR007,Current,INR,371212.94,523733.94,0.0,Active,2020-12-13
ACC000539,CUST000428,BR009,Savings,INR,39840.9,77896.14,3.5,Active,2021-07-01
ACC000540,CUST000406,BR003,Savings,INR,241572.93,403046.77,3.5,Active,2024-08-17
ACC000541,CUST000144,BR010,Savings,INR,106547.03,121964.02,3.5,Active,2023-01-23
ACC000542,CUST000416,BR008,Savings,INR,165782.16,155450.7,3.5,Active,2024-05-15
ACC000543,CUST000012,BR003,Current,INR,122591.48,117351.27,0.0,Active,2020-10-21
ACC000544,CUST000029,BR007,Savings,INR,84004.34,356860.74,3.5,Active,2024-10-17
ACC000545,CUST000369,BR004,Savings,INR,364259.18,601715.34,3.5,Closed,2019-12-18
ACC000546,CUST000088,BR010,Salary,INR,110462.54,204230.94,3.0,Active,2020-08-07
ACC000547,CUST000136,BR010,Savings,INR,84693.13,274650.04,3.5,Active,2024-02-01
ACC000548,CUST000056,BR007,Savings,INR,9264.75,142213.72,3.5,Active,2024-08-27
ACC000549,CUST000462,BR009,Savings,INR,307759.34,271422.14,3.5,Active,2024-12-16
ACC000550,CUST000462,BR009,Savings,INR,302133.85,541766.47,3.5,Active,2023-11-03
ACC000551,CUST000220,BR006,Savings,INR,115513.64,346318.71,3.5,Active,2023-04-11
ACC000552,CUST000357,BR008,Current,INR,288484.29,387405.58,0.0,Active,2021-11-08
ACC000553,CUST000307,BR001,Savings,INR,438506.39,531532.74,3.5,Active,2021-02-13
ACC000554,CUST000061,BR006,Savings,INR,260361.16,341621.62,3.5,Active,2021-04-21
ACC000555,CUST000300,BR010,Savings,INR,127562.73,376804.65,3.5,Active,2023-10-01
ACC000556,CUST000387,BR003,Savings,INR,102643.14,245879.87,3.5,Active,2024-05-30
ACC000557,CUST000158,BR003,Savings,INR,289247.93,510216.0,3.5,Active,2023-06-19
ACC000558,CUST000229,BR004,Current,INR,391771.52,674007.33,0.0,Active,2020-02-15
ACC000559,CUST000315,BR007,Current,USD,348831.65,546208.13,0.0,Active,2020-10-20
ACC000560,CUST000075,BR002,Savings,INR,236362.66,396448.56,3.5,Active,2019-12-28
ACC000561,CUST000371,BR005,Savings,INR,192778.68,487335.52,3.5,Active,2024-11-04
ACC000562,CUST000420,BR004,Salary,INR,88460.29,211489.22,3.0,Dormant,2019-02-13
ACC000563,CUST000100,BR004,Savings,INR,17771.07,177601.29,3.5,Active,2024-10-13
ACC000564,CUST000336,BR007,Savings,INR,1143.35,6249.02,3.5,Active,2022-02-04
ACC000565,CUST000266,BR009,Savings,INR,8667.89,204935.56,3.5,Active,2020-01-05
ACC000566,CUST000179,BR010,Salary,USD,174390.07,409820.28,3.0,Active,2021-07-15
ACC000567,CUST000003,BR009,Savings,INR,131292.65,223789.77,3.5,Active,2020-03-12
ACC000568,CUST000412,BR008,Salary,USD,257130.06,297322.75,3.0,Active,2021-10-21
ACC000569,CUST000388,BR010,Current,INR,170490.72,391950.3,0.0,Active,2024-03-02
ACC000570,CUST000196,BR006,Savings,INR,317197.24,615166.55,3.5,Active,2021-07-30
ACC000571,CUST000359,BR007,Savings,INR,416256.35,453146.51,3.5,Active,2020-01-16
ACC000572,CUST000477,BR010,Savings,INR,90064.39,149919.86,3.5,Dormant,2021-06-14
ACC000573,CUST000466,BR004,Savings,INR,95893.58,303882.87,3.5,Active,2021-08-19
ACC000574,CUST000128,BR002,Savings,INR,418331.02,492940.6,3.5,Active,2020-03-12
ACC000575,CUST000315,BR008,Savings,INR,4305.21,254286.48,3.5,Active,2019-06-23
ACC000576,CUST000452,BR003,Salary,USD,448602.89,702671.98,3.0,Active,2024-07-03
ACC000577,CUST000114,BR007,Savings,INR,375334.52,370220.6,3.5,Active,2024-11-23
ACC000578,CUST000202,BR002,Savings,INR,430339.67,651906.06,3.5,Active,2024-02-16
ACC000579,CUST000007,BR006,Savings,INR,337377.43,420177.23,3.5,Active,2020-02-17
ACC000580,CUST000135,BR006,Savings,INR,119332.44,234303.32,3.5,Active,2022-11-06
ACC000581,CUST000386,BR008,Savings,INR,186782.5,435796.63,3.5,Active,2022-02-19
ACC000582,CUST000118,BR009,Savings,INR,407281.14,609566.55,3.5,Active,2021-08-23
ACC000583,CUST000492,BR003,Savings,INR,369532.46,485077.92,3.5,Active,2019-02-09
ACC000584,CUST000323,BR005,Salary,INR,258986.48,461182.6,3.0,Active,2024-06-16
ACC000585,CUST000051,BR008,Savings,INR,345581.04,316593.77,3.5,Active,2021-11-07
ACC000586,CUST000134,BR006,Current,INR,181120.05,327242.56,0.0,Active,2021-11-21
ACC000587,CUST000494,BR005,Salary,INR,303182.44,455081.25,3.0,Active,2020-12-15
ACC000588,CUST000378,BR008,Savings,INR,224018.13,201460.76,3.5,Active,2022-03-19
ACC000589,CUST000414,BR002,Savings,INR,464354.77,561990.54,3.5,Active,2023-07-16
ACC000590,CUST000335,BR005,Savings,INR,146386.82,190002.16,3.5,Active,2023-06-08
ACC000591,CUST000383,BR003,Salary,INR,293872.97,581807.08,3.0,Active,2023-08-23
ACC000592,CUST000339,BR004,Current,INR,126571.86,336928.23,0.0,Active,2019-11-24
ACC000593,CUST000450,BR009,Savings,INR,237119.71,205958.61,3.5,Active,2023-06-15
ACC000594,CUST000080,BR005,Savings,INR,43071.32,319127.67,3.5,Active,2023-05-16
ACC000595,CUST000065,BR001,Savings,INR,66507.28,309988.5,3.5,Active,2019-04-28
ACC000596,CUST000244,BR009,Savings,INR,234129.54,488943.94,3.5,Dormant,2022-01-20
ACC000597,CUST000091,BR009,Savings,INR,295824.63,405614.83,3.5,Active,2023-11-17
ACC000598,CUST000247,BR005,Salary,INR,270294.39,501942.11,3.0,Active,2023-12-15
ACC000599,CUST000001,BR006,Savings,INR,262134.8,477537.51,3.5,Active,2020-07-12
ACC000600,CUST000252,BR007,Savings,INR,473531.8,590505.27,3.5,Active,2019-02-07
ACC000601,CUST000281,BR007,Current,INR,187448.29,281555.84,0.0,Active,2023-11-26
ACC000602,CUST000425,BR004,Savings,INR,189800.67,231843.77,3.5,Active,2023-09-26
ACC000603,CUST000356,BR005,Savings,INR,342635.5,392272.4,3.5,Active,2024-12-18
ACC000604,CUST000149,BR005,Savings,INR,56067.82,165437.87,3.5,Active,2024-01-29
ACC000605,CUST000078,BR002,Savings,INR,25766.4,163006.16,3.5,Active,2021-01-31
ACC000606,CUST000005,BR004,Savings,INR,117172.44,119911.73,3.5,Active,2024-07-14
ACC000607,CUST000191,BR002,Current,INR,232378.55,459377.2,0.0,Dormant,2022-09-14
ACC000608,CUST000398,BR004,Savings,INR,196818.47,336935.65,3.5,Active,2021-01-13
ACC000609,CUST000007,BR007,Savings,INR,61858.82,280709.8,3.5,Active,2021-10-16
ACC000610,CUST000018,BR009,Current,INR,100390.76,307753.73,0.0,Active,2020-01-20
ACC000611,CUST000493,BR009,Savings,INR,156742.57,219814.69,3.5,Active,2019-06-22
ACC000612,CUST000102,BR002,Savings,INR,180852.9,149083.53,3.5,Active,2021-06-11
ACC000613,CUST000407,BR001,Savings,USD,138773.92,130651.28,3.5,Active,2021-09-22
ACC000614,CUST000353,BR004,Savings,INR,298509.93,378499.46,3.5,Active,2020-01-02
ACC000615,CUST000477,BR001,Savings,INR,484856.2,700702.26,3.5,Active,2019-09-03
ACC000616,CUST000055,BR008,Savings,INR,63787.9,95224.02,3.5,Active,2022-11-23
ACC000617,CUST000371,BR008,Savings,INR,68231.35,332763.42,3.5,Active,2024-06-10
ACC000618,CUST000291,BR005,Savings,INR,94126.74,165809.38,3.5,Active,2024-04-02
ACC000619,CUST000083,BR005,Salary,INR,35369.42,39628.34,3.0,Active,2022-04-26
ACC000620,CUST000260,BR010,Current,INR,190142.74,205079.74,0.0,Active,2019-03-18
ACC000621,CUST000370,BR004,Savings,INR,32607.54,321114.64,3.5,Active,2023-05-07
ACC000622,CUST000314,BR002,Savings,INR,142281.41,235712.99,3.5,Active,2022-08-12
ACC000623,CUST000481,BR002,Savings,INR,65757.36,321479.83,3.5,Active,2021-04-07
ACC000624,CUST000429,BR001,Savings,INR,194910.81,316379.18,3.5,Active,2021-11-14
ACC000625,CUST000477,BR008,Savings,INR,460596.57,640108.85,3.5,Active,2019-11-24
ACC000626,CUST000481,BR010,Savings,INR,445324.87,683034.15,3.5,Active,2019-08-27
ACC000627,CUST000156,BR002,Savings,INR,39889.75,65454.77,3.5,Active,2024-10-28
ACC000628,CUST000099,BR009,Savings,INR,263569.82,300636.88,3.5,Active,2021-01-02
ACC000629,CUST000327,BR002,Savings,INR,288705.27,474777.67,3.5,Active,2023-10-16
ACC000630,CUST000173,BR006,Savings,INR,329108.41,465973.58,3.5,Active,2023-12-20
ACC000631,CUST000433,BR006,NRE,INR,186488.04,403952.57,4.0,Active,2023-10-30
ACC000632,CUST000393,BR008,Savings,INR,275569.11,486171.53,3.5,Active,2023-01-14
ACC000633,CUST000146,BR001,Current,INR,298285.65,429448.93,0.0,Active,2022-05-21
ACC000634,CUST000012,BR009,Salary,INR,385990.01,666161.78,3.0,Active,2022-02-04
ACC000635,CUST000049,BR005,Savings,INR,19830.41,94309.92,3.5,Active,2020-07-20
ACC000636,CUST000416,BR002,Savings,INR,150850.91,300521.42,3.5,Active,2021-06-09
ACC000637,CUST000423,BR010,Savings,INR,449613.02,645609.78,3.5,Active,2020-01-26
ACC000638,CUST000196,BR006,Current,INR,40160.22,9733.17,0.0,Active,2022-10-01
ACC000639,CUST000062,BR007,Salary,INR,435023.47,464374.65,3.0,Active,2019-02-16
ACC000640,CUST000290,BR003,Savings,INR,75640.43,201480.99,3.5,Active,2021-06-23
ACC000641,CUST000229,BR004,Savings,INR,376667.26,528006.46,3.5,Active,2020-01-04
ACC000642,CUST000173,BR009,Savings,INR,42190.01,192194.22,3.5,Active,2019-07-21
ACC000643,CUST000397,BR009,Savings,INR,349237.39,565948.91,3.5,Active,2024-05-23
ACC000644,CUST000288,BR004,Savings,INR,308382.42,515866.13,3.5,Active,2021-10-05
ACC000645,CUST000474,BR007,Savings,INR,288433.1,277818.55,3.5,Active,2023-08-22
ACC000646,CUST000336,BR010,Savings,INR,13079.21,69765.81,3.5,Active,2022-12-03
ACC000647,CUST000226,BR006,Savings,INR,23393.9,259754.07,3.5,Active,2021-03-28
ACC000648,CUST000379,BR005,Savings,INR,28214.47,310343.79,3.5,Active,2020-08-27
ACC000649,CUST000231,BR004,Savings,INR,236123.96,302280.81,3.5,Active,2021-05-17
ACC000650,CUST000319,BR007,Savings,INR,365231.87,364703.47,3.5,Active,2019-03-17
ACC000651,CUST000088,BR001,Savings,INR,30994.91,51238.53,3.5,Dormant,2022-01-16
ACC000652,CUST000339,BR002,Savings,INR,136383.88,384612.91,3.5,Active,2023-01-15
ACC000653,CUST000119,BR006,Savings,INR,489916.63,617905.75,3.5,Active,2020-02-12
ACC000654,CUST000102,BR001,Savings,INR,250824.76,361119.95,3.5,Active,2019-03-30
ACC000655,CUST000202,BR006,Savings,INR,372450.97,328881.25,3.5,Active,2022-12-12
ACC000656,CUST000257,BR007,NRE,INR,138663.26,110366.65,4.0,Active,2021-11-21
ACC000657,CUST000285,BR007,Savings,INR,474609.09,503563.03,3.5,Active,2022-10-31
ACC000658,CUST000492,BR007,Savings,INR,339319.45,594764.96,3.5,Active,2021-07-20
ACC000659,CUST000466,BR004,NRE,INR,303079.07,410288.28,4.0,Active,2020-06-23
ACC000660,CUST000104,BR003,Savings,INR,431431.24,489580.68,3.5,Active,2024-11-15
ACC000661,CUST000336,BR002,Current,INR,466581.94,737571.18,0.0,Dormant,2022-07-24
ACC000662,CUST000163,BR006,Savings,INR,419921.73,420854.72,3.5,Active,2019-05-01
ACC000663,CUST000227,BR003,Savings,INR,373059.26,610653.74,3.5,Active,2022-01-26
ACC000664,CUST000391,BR010,Savings,INR,492991.84,658923.12,3.5,Active,2021-08-03
ACC000665,CUST000353,BR006,Savings,INR,390133.3,387063.62,3.5,Active,2024-04-04
ACC000666,CUST000084,BR005,Savings,USD,97436.65,58716.99,3.5,Active,2019-03-03
ACC000667,CUST000104,BR010,Savings,INR,379130.52,352278.23,3.5,Active,2023-12-05
ACC000668,CUST000127,BR006,Savings,INR,214350.29,436025.44,3.5,Dormant,2023-04-08
ACC000669,CUST000275,BR009,Savings,INR,263090.04,519614.08,3.5,Active,2019-06-07
ACC000670,CUST000450,BR001,Salary,INR,497922.35,629468.28,3.0,Active,2023-06-09
ACC000671,CUST000026,BR005,Savings,INR,95735.32,199579.18,3.5,Active,2022-06-01
ACC000672,CUST000028,BR008,Savings,INR,345286.53,611573.01,3.5,Active,2024-03-13
ACC000673,CUST000300,BR007,Savings,INR,468983.39,662623.34,3.5,Active,2020-07-08
ACC000674,CUST000303,BR002,Savings,INR,448412.14,711940.36,3.5,Active,2024-02-06
ACC000675,CUST000408,BR002,Salary,INR,82833.02,289474.84,3.0,Active,2020-01-09
ACC000676,CUST000363,BR010,Savings,INR,192659.6,419532.91,3.5,Active,2024-09-26
ACC000677,CUST000394,BR003,Savings,INR,86271.61,153589.21,3.5,Active,2020-09-06
ACC000678,CUST000215,BR005,Current,INR,154723.04,360279.65,0.0,Active,2024-01-02
ACC000679,CUST000104,BR008,Savings,INR,2762.92,220651.45,3.5,Active,2019-02-20
ACC000680,CUST000312,BR008,Current,INR,441468.76,474726.18,0.0,Active,2024-05-02
ACC000681,CUST000126,BR001,Savings,INR,441201.76,488541.29,3.5,Active,2021-04-30
ACC000682,CUST000075,BR006,Savings,INR,427060.81,610509.6,3.5,Active,2022-05-07
ACC000683,CUST000092,BR008,Savings,INR,81506.28,131039.47,3.5,Active,2020-12-27
ACC000684,CUST000394,BR002,Savings,INR,150347.95,229347.25,3.5,Active,2023-04-02
ACC000685,CUST000242,BR006,Savings,INR,68138.35,261255.15,3.5,Active,2022-01-29
ACC000686,CUST000314,BR002,Savings,INR,30034.11,180012.59,3.5,Active,2024-12-06
ACC000687,CUST000362,BR005,Salary,INR,144306.46,307402.07,3.0,Closed,2022-07-20
ACC000688,CUST000067,BR008,Savings,INR,307530.7,431269.62,3.5,Active,2024-07-31
ACC000689,CUST000149,BR008,Savings,INR,489649.57,440202.89,3.5,Active,2019-04-09
ACC000690,CUST000410,BR006,Current,INR,308038.69,403159.92,0.0,Active,2019-07-06
ACC000691,CUST000328,BR005,Savings,INR,101392.38,149961.73,3.5,Active,2019-10-05
ACC000692,CUST000059,BR003,Current,INR,343232.06,412708.61,0.0,Active,2019-04-30
ACC000693,CUST000246,BR008,Salary,INR,458165.36,687204.39,3.0,Active,2020-07-10
ACC000694,CUST000459,BR001,Salary,INR,168219.72,392615.88,3.0,Active,2023-08-23
ACC000695,CUST000162,BR006,Current,INR,278033.43,234584.88,0.0,Active,2022-09-20
ACC000696,CUST000174,BR010,Current,INR,491825.77,661104.57,0.0,Active,2020-11-10
ACC000697,CUST000401,BR001,Savings,INR,376018.56,572861.72,3.5,Active,2022-07-12
ACC000698,CUST000191,BR009,Salary,INR,226501.26,509255.62,3.0,Active,2021-06-04
ACC000699,CUST000399,BR001,Current,INR,101847.11,84258.55,0.0,Active,2024-09-03
ACC000700,CUST000175,BR005,Savings,INR,461894.75,668249.12,3.5,Active,2024-11-14
ACC000701,CUST000421,BR004,Salary,INR,491154.46,621805.78,3.0,Active,2020-06-27
ACC000702,CUST000268,BR010,Current,INR,58802.16,117645.62,0.0,Active,2019-06-30
ACC000703,CUST000053,BR001,Salary,INR,260768.28,441412.78,3.0,Active,2022-07-03
ACC000704,CUST000165,BR006,Salary,INR,101077.2,151375.78,3.0,Active,2024-12-20
ACC000705,CUST000081,BR002,Savings,INR,137544.81,92884.66,3.5,Active,2024-10-06
ACC000706,CUST000073,BR003,Savings,INR,471695.63,703096.62,3.5,Active,2021-09-29
ACC000707,CUST000228,BR002,Savings,INR,26312.37,0.0,3.5,Active,2019-07-26
ACC000708,CUST000361,BR010,Savings,INR,298464.56,455929.24,3.5,Active,2024-01-01
ACC000709,CUST000389,BR010,Savings,INR,335764.26,472483.99,3.5,Active,2024-03-22
ACC000710,CUST000240,BR008,Salary,INR,49534.24,108171.33,3.0,Active,2024-03-21
ACC000711,CUST000316,BR006,Salary,INR,129768.33,206975.6,3.0,Active,2021-01-21
ACC000712,CUST000016,BR008,Savings,INR,33617.23,23127.7,3.5,Active,2024-05-14
ACC000713,CUST000295,BR006,Savings,INR,64569.61,50595.88,3.5,Active,2020-03-14
ACC000714,CUST000237,BR009,Savings,INR,201007.42,295712.09,3.5,Active,2021-09-25
ACC000715,CUST000107,BR010,Savings,INR,407143.94,563983.51,3.5,Active,2023-11-19
ACC000716,CUST000340,BR002,Savings,INR,335132.99,543911.46,3.5,Active,2024-06-16
ACC000717,CUST000421,BR002,Savings,INR,223162.9,280975.4,3.5,Active,2023-07-21
ACC000718,CUST000420,BR002,Savings,INR,190076.6,313079.9,3.5,Active,2019-09-09
ACC000719,CUST000387,BR003,Savings,INR,318430.28,268494.8,3.5,Active,2020-08-23
ACC000720,CUST000229,BR005,Savings,INR,98637.64,287168.52,3.5,Active,2022-07-20
ACC000721,CUST000483,BR002,Savings,INR,468401.57,669628.5,3.5,Active,2022-11-11
ACC000722,CUST000434,BR009,Savings,USD,64650.29,117614.92,3.5,Active,2023-02-21
ACC000723,CUST000184,BR004,Savings,INR,55739.46,104512.7,3.5,Active,2019-05-08
ACC000724,CUST000365,BR003,Savings,INR,192012.02,275559.79,3.5,Active,2021-05-15
ACC000725,CUST000474,BR003,Savings,INR,180783.66,276816.08,3.5,Active,2022-03-27
ACC000726,CUST000370,BR002,Savings,INR,442559.45,622833.79,3.5,Active,2020-07-10
ACC000727,CUST000458,BR010,Salary,INR,394675.28,556225.61,3.0,Active,2023-10-10
ACC000728,CUST000231,BR010,Savings,INR,192972.64,221981.96,3.5,Active,2023-10-06
ACC000729,CUST000365,BR001,Current,USD,251362.67,345155.9,0.0,Active,2023-02-12
ACC000730,CUST000058,BR003,Current,INR,290554.12,577162.33,0.0,Active,2019-11-24
ACC000731,CUST000385,BR009,Salary,INR,389656.04,502383.75,3.0,Active,2019-11-17
ACC000732,CUST000380,BR010,Savings,INR,332204.73,516255.73,3.5,Active,2022-07-03
ACC000733,CUST000241,BR007,Current,INR,227563.35,494682.63,0.0,Closed,2022-09-19
ACC000734,CUST000086,BR010,Savings,INR,18627.79,291630.37,3.5,Active,2022-05-30
ACC000735,CUST000294,BR005,Savings,INR,26758.32,323386.01,3.5,Active,2019-04-22
ACC000736,CUST000402,BR005,Savings,INR,139646.55,136035.12,3.5,Active,2022-02-24
ACC000737,CUST000090,BR006,Savings,INR,455155.61,663794.14,3.5,Active,2024-01-04
ACC000738,CUST000249,BR006,Current,USD,91223.79,225809.89,0.0,Dormant,2019-05-16
ACC000739,CUST000421,BR007,Savings,INR,77921.0,201502.9,3.5,Active,2023-08-19
ACC000740,CUST000108,BR005,Savings,INR,289300.94,533942.5,3.5,Active,2019-08-11
ACC000741,CUST000205,BR004,Savings,INR,238639.74,355332.92,3.5,Active,2024-12-21
ACC000742,CUST000075,BR008,Savings,INR,265690.62,367847.64,3.5,Active,2022-03-28
ACC000743,CUST000490,BR007,Savings,INR,21467.79,292667.04,3.5,Active,2022-12-20
ACC000744,CUST000139,BR008,Savings,INR,134276.82,118673.7,3.5,Active,2023-05-22
ACC000745,CUST000302,BR006,Current,INR,385478.15,517461.46,0.0,Active,2021-01-06
ACC000746,CUST000007,BR006,Current,INR,206213.13,340055.62,0.0,Active,2024-01-01
ACC000747,CUST000013,BR010,Savings,INR,310079.21,279987.88,3.5,Active,2021-06-07
ACC000748,CUST000439,BR002,Savings,INR,302738.21,384323.66,3.5,Active,2021-01-26
ACC000749,CUST000480,BR007,Savings,INR,38781.37,147486.69,3.5,Active,2022-02-06
ACC000750,CUST000132,BR007,Current,INR,81821.05,57720.02,0.0,Closed,2019-09-13
ACC000751,CUST000417,BR004,Savings,INR,133067.76,237268.95,3.5,Active,2024-07-07
ACC000752,CUST000074,BR008,Savings,INR,270775.45,371714.2,3.5,Active,2020-03-11
ACC000753,CUST000293,BR008,Savings,INR,364045.03,586078.04,3.5,Active,2019-03-18
ACC000754,CUST000341,BR007,Salary,INR,195851.43,198914.05,3.0,Active,2022-09-12
ACC000755,CUST000252,BR009,Salary,INR,239591.57,330961.03,3.0,Active,2019-10-15
ACC000756,CUST000400,BR006,Savings,INR,241551.1,390086.46,3.5,Active,2023-01-10
ACC000757,CUST000491,BR002,Savings,INR,323890.13,401764.51,3.5,Active,2022-10-24
ACC000758,CUST000104,BR004,Savings,INR,89132.53,52898.44,3.5,Active,2023-04-23
ACC000759,CUST000353,BR004,Savings,INR,180271.3,159973.17,3.5,Active,2023-11-29
ACC000760,CUST000304,BR008,Current,INR,120004.08,206072.72,0.0,Active,2022-06-14
ACC000761,CUST000009,BR007,Savings,INR,19484.3,0.0,3.5,Active,2019-06-25
ACC000762,CUST000235,BR010,Savings,INR,470104.81,724674.82,3.5,Active,2020-09-02
ACC000763,CUST000251,BR004,Current,INR,327261.93,442188.8,0.0,Active,2019-07-07
ACC000764,CUST000026,BR008,Savings,INR,452426.51,689685.24,3.5,Active,2020-02-03
ACC000765,CUST000419,BR002,Savings,INR,54059.27,178059.49,3.5,Active,2021-06-22
ACC000766,CUST000378,BR006,Current,INR,339520.52,403002.75,0.0,Active,2020-07-16
ACC000767,CUST000304,BR003,Current,INR,87550.38,59678.04,0.0,Active,2022-01-26
ACC000768,CUST000085,BR003,Savings,INR,219891.94,493878.38,3.5,Active,2019-06-16
ACC000769,CUST000399,BR001,Savings,INR,79719.08,337588.51,3.5,Dormant,2019-11-27
ACC000770,CUST000304,BR003,Current,INR,443570.66,539248.44,0.0,Active,2024-05-03
ACC000771,CUST000211,BR010,Savings,INR,120387.63,131479.76,3.5,Active,2019-06-04
ACC000772,CUST000322,BR001,NRE,INR,413415.32,468835.24,4.0,Active,2023-09-12
ACC000773,CUST000049,BR004,NRE,INR,309841.55,561797.42,4.0,Active,2024-09-09
ACC000774,CUST000028,BR008,Savings,INR,97665.78,326480.32,3.5,Active,2024-04-27
ACC000775,CUST000331,BR006,Savings,INR,182732.34,206088.75,3.5,Active,2021-10-26
ACC000776,CUST000054,BR003,Savings,INR,370468.03,644169.5,3.5,Active,2020-12-21
ACC000777,CUST000459,BR007,Savings,INR,118414.62,224101.93,3.5,Active,2022-08-28
ACC000778,CUST000399,BR007,Savings,INR,55956.3,85680.02,3.5,Active,2021-08-29
ACC000779,CUST000242,BR003,Savings,INR,292961.04,261979.81,3.5,Active,2023-11-21
ACC000780,CUST000192,BR005,Savings,INR,69065.9,271003.33,3.5,Active,2023-01-08
ACC000781,CUST000031,BR008,Savings,INR,141021.47,129909.71,3.5,Active,2024-03-21
ACC000782,CUST000152,BR010,Savings,USD,302214.36,528555.8,3.5,Active,2020-11-27
ACC000783,CUST000439,BR010,Savings,INR,261362.62,513132.29,3.5,Active,2021-06-05
ACC000784,CUST000220,BR007,Savings,INR,368353.25,404682.21,3.5,Active,2022-09-02
ACC000785,CUST000077,BR001,Savings,INR,456963.61,721351.74,3.5,Active,2023-09-08
ACC000786,CUST000018,BR008,Current,INR,213423.12,301435.17,0.0,Active,2020-02-06
ACC000787,CUST000355,BR006,Current,INR,366161.36,648638.22,0.0,Active,2020-06-27
ACC000788,CUST000246,BR010,Savings,INR,334848.77,341479.76,3.5,Active,2024-02-25
ACC000789,CUST000396,BR006,Savings,INR,70173.33,266270.54,3.5,Active,2021-01-27
ACC000790,CUST000322,BR009,Savings,INR,36278.6,298980.65,3.5,Active,2022-09-25
ACC000791,CUST000485,BR002,Savings,INR,306638.12,457968.4,3.5,Active,2021-04-28
ACC000792,CUST000264,BR002,Salary,INR,472715.79,658844.33,3.0,Active,2019-07-31
ACC000793,CUST000188,BR009,Savings,INR,88458.43,234035.09,3.5,Active,2019-10-02
ACC000794,CUST000123,BR004,NRE,INR,270277.28,447440.72,4.0,Active,2021-05-09
ACC000795,CUST000217,BR008,Savings,INR,139295.52,111474.73,3.5,Active,2022-11-15
ACC000796,CUST000364,BR008,Savings,INR,266420.33,505302.99,3.5,Active,2022-04-12
ACC000797,CUST000415,BR008,Salary,INR,489064.14,748159.75,3.0,Active,2021-02-10
ACC000798,CUST000491,BR002,Savings,INR,478356.84,466634.56,3.5,Active,2022-02-04
ACC000799,CUST000267,BR009,Salary,INR,476100.28,434041.87,3.0,Active,2023-09-03
ACC000800,CUST000378,BR001,Savings,INR,322697.54,374728.42,3.5,Active,2019-09-15
