date,currency,exchange_rate_to_inr
2024-01-01,INR,1.0
2024-01-01,USD,84.5577
2024-01-01,EUR,88.1751
2024-01-01,GBP,104.2002
2024-01-02,INR,1.0
2024-01-02,USD,82.8928
2024-01-02,EUR,93.1553
2024-01-02,GBP,107.4136
2024-01-03,INR,1.0
2024-01-03,USD,85.5687
2024-01-03,EUR,88.6086
2024-01-03,GBP,105.3754
2024-01-04,INR,1.0
2024-01-04,USD,82.1192
2024-01-04,EUR,89.5305
2024-01-04,GBP,106.0428
2024-01-05,INR,1.0
2024-01-05,USD,82.1061
2024-01-05,EUR,89.3919
2024-01-05,GBP,107.1991
2024-01-06,INR,1.0
2024-01-06,USD,84.1798
2024-01-06,EUR,89.5431
2024-01-06,GBP,106.7141
2024-01-07,INR,1.0
2024-01-07,USD,85.2377
2024-01-07,EUR,88.0455
2024-01-07,GBP,108.4466
2024-01-08,INR,1.0
2024-01-08,USD,84.7926
2024-01-08,EUR,90.3818
2024-01-08,GBP,103.2438
2024-01-09,INR,1.0
2024-01-09,USD,85.8289
2024-01-09,EUR,90.3562
2024-01-09,GBP,102.742
2024-01-10,INR,1.0
2024-01-10,USD,82.3869
2024-01-10,EUR,93.9325
2024-01-10,GBP,106.8298
2024-01-11,INR,1.0
2024-01-11,USD,85.2285
2024-01-11,EUR,93.1081
2024-01-11,GBP,106.2898
2024-01-12,INR,1.0
2024-01-12,USD,85.8925
2024-01-12,EUR,90.6497
2024-01-12,GBP,106.4163
2024-01-13,INR,1.0
2024-01-13,USD,85.3176
2024-01-13,EUR,92.3296
2024-01-13,GBP,108.8937
2024-01-14,INR,1.0
2024-01-14,USD,84.3094
2024-01-14,EUR,92.932
2024-01-14,GBP,102.3666
2024-01-15,INR,1.0
2024-01-15,USD,82.9116
2024-01-15,EUR,90.0257
2024-01-15,GBP,102.6383
2024-01-16,INR,1.0
2024-01-16,USD,82.9312
2024-01-16,EUR,88.707
2024-01-16,GBP,104.2238
2024-01-17,INR,1.0
2024-01-17,USD,84.5427
2024-01-17,EUR,90.5538
2024-01-17,GBP,104.9614
2024-01-18,INR,1.0
2024-01-18,USD,82.838
2024-01-18,EUR,89.8688
2024-01-18,GBP,109.4932
2024-01-19,INR,1.0
2024-01-19,USD,84.5921
2024-01-19,EUR,92.2639
2024-01-19,GBP,103.3691
2024-01-20,INR,1.0
2024-01-20,USD,84.9165
2024-01-20,EUR,89.1438
2024-01-20,GBP,105.0356
2024-01-21,INR,1.0
2024-01-21,USD,85.9581
2024-01-21,EUR,92.48
2024-01-21,GBP,106.4556
2024-01-22,INR,1.0
2024-01-22,USD,84.7385
2024-01-22,EUR,93.9
2024-01-22,GBP,108.208
2024-01-23,INR,1.0
2024-01-23,USD,82.9162
2024-01-23,EUR,88.2247
2024-01-23,GBP,104.5236
2024-01-24,INR,1.0
2024-01-24,USD,83.071
2024-01-24,EUR,89.4769
2024-01-24,GBP,109.5433
2024-01-25,INR,1.0
2024-01-25,USD,85.5055
2024-01-25,EUR,90.2027
2024-01-25,GBP,107.2435
2024-01-26,INR,1.0
2024-01-26,USD,83.5825
2024-01-26,EUR,94.4018
2024-01-26,GBP,105.6708
2024-01-27,INR,1.0
2024-01-27,USD,83.0595
2024-01-27,EUR,89.7264
2024-01-27,GBP,106.4909
2024-01-28,INR,1.0
2024-01-28,USD,83.051
2024-01-28,EUR,92.0921
2024-01-28,GBP,109.1826
2024-01-29,INR,1.0
2024-01-29,USD,83.5976
2024-01-29,EUR,89.5352
2024-01-29,GBP,109.9803
2024-01-30,INR,1.0
2024-01-30,USD,84.0381
2024-01-30,EUR,88.6364
2024-01-30,GBP,102.3769
2024-01-31,INR,1.0
2024-01-31,USD,82.4386
2024-01-31,EUR,92.3921
2024-01-31,GBP,108.3366
2024-02-01,INR,1.0
2024-02-01,USD,83.6886
2024-02-01,EUR,88.4447
2024-02-01,GBP,105.053
2024-02-02,INR,1.0
2024-02-02,USD,85.9845
2024-02-02,EUR,91.7038
2024-02-02,GBP,109.7686
2024-02-03,INR,1.0
2024-02-03,USD,85.4431
2024-02-03,EUR,88.0804
2024-02-03,GBP,107.7658
2024-02-04,INR,1.0
2024-02-04,USD,84.7268
2024-02-04,EUR,91.7588
2024-02-04,GBP,104.1346
2024-02-05,INR,1.0
2024-02-05,USD,84.5638
2024-02-05,EUR,88.7809
2024-02-05,GBP,105.4781
2024-02-06,INR,1.0
2024-02-06,USD,83.8149
2024-02-06,EUR,94.6767
2024-02-06,GBP,109.0068
2024-02-07,INR,1.0
2024-02-07,USD,83.0536
2024-02-07,EUR,91.5041
2024-02-07,GBP,103.4292
2024-02-08,INR,1.0
2024-02-08,USD,85.6505
2024-02-08,EUR,94.0936
2024-02-08,GBP,104.3876
2024-02-09,INR,1.0
2024-02-09,USD,84.5558
2024-02-09,EUR,92.2628
2024-02-09,GBP,103.2227
2024-02-10,INR,1.0
2024-02-10,USD,85.05
2024-02-10,EUR,91.7757
2024-02-10,GBP,108.229
2024-02-11,INR,1.0
2024-02-11,USD,84.1214
2024-02-11,EUR,88.004
2024-02-11,GBP,104.5932
2024-02-12,INR,1.0
2024-02-12,USD,82.0779
2024-02-12,EUR,94.5037
2024-02-12,GBP,109.0298
2024-02-13,INR,1.0
2024-02-13,USD,85.3267
2024-02-13,EUR,90.1526
2024-02-13,GBP,102.4634
2024-02-14,INR,1.0
2024-02-14,USD,85.512
2024-02-14,EUR,94.6286
2024-02-14,GBP,102.6852
2024-02-15,INR,1.0
2024-02-15,USD,83.944
2024-02-15,EUR,88.4845
2024-02-15,GBP,108.0848
2024-02-16,INR,1.0
2024-02-16,USD,85.0633
2024-02-16,EUR,88.8987
2024-02-16,GBP,105.8023
2024-02-17,INR,1.0
2024-02-17,USD,84.1992
2024-02-17,EUR,89.8554
2024-02-17,GBP,108.9795
2024-02-18,INR,1.0
2024-02-18,USD,83.6926
2024-02-18,EUR,89.4826
2024-02-18,GBP,106.3144
2024-02-19,INR,1.0
2024-02-19,USD,84.9197
2024-02-19,EUR,89.4081
2024-02-19,GBP,104.4937
2024-02-20,INR,1.0
2024-02-20,USD,85.9806
2024-02-20,EUR,92.5491
2024-02-20,GBP,105.5048
2024-02-21,INR,1.0
2024-02-21,USD,84.0703
2024-02-21,EUR,88.847
2024-02-21,GBP,103.7976
2024-02-22,INR,1.0
2024-02-22,USD,83.3523
2024-02-22,EUR,92.1182
2024-02-22,GBP,103.8409
2024-02-23,INR,1.0
2024-02-23,USD,82.8809
2024-02-23,EUR,88.497
2024-02-23,GBP,107.0488
2024-02-24,INR,1.0
2024-02-24,USD,82.9158
2024-02-24,EUR,94.3379
2024-02-24,GBP,108.8771
2024-02-25,INR,1.0
2024-02-25,USD,82.2834
2024-02-25,EUR,89.666
2024-02-25,GBP,107.3518
2024-02-26,INR,1.0
2024-02-26,USD,82.8569
2024-02-26,EUR,88.9262
2024-02-26,GBP,109.4841
2024-02-27,INR,1.0
2024-02-27,USD,84.2842
2024-02-27,EUR,91.3087
2024-02-27,GBP,108.277
2024-02-28,INR,1.0
2024-02-28,USD,85.23
2024-02-28,EUR,89.3329
2024-02-28,GBP,102.7754
2024-02-29,INR,1.0
2024-02-29,USD,83.7242
2024-02-29,EUR,90.9651
2024-02-29,GBP,105.7362
2024-03-01,INR,1.0
2024-03-01,USD,84.9163
2024-03-01,EUR,92.7136
2024-03-01,GBP,109.8733
2024-03-02,INR,1.0
2024-03-02,USD,82.3937
2024-03-02,EUR,90.8183
2024-03-02,GBP,104.7144
2024-03-03,INR,1.0
2024-03-03,USD,85.4467
2024-03-03,EUR,89.7406
2024-03-03,GBP,103.5217
2024-03-04,INR,1.0
2024-03-04,USD,83.7945
2024-03-04,EUR,90.9532
2024-03-04,GBP,104.2284
2024-03-05,INR,1.0
2024-03-05,USD,82.9992
2024-03-05,EUR,94.4629
2024-03-05,GBP,105.545
2024-03-06,INR,1.0
2024-03-06,USD,85.4454
2024-03-06,EUR,91.8523
2024-03-06,GBP,102.4047
2024-03-07,INR,1.0
2024-03-07,USD,85.9971
2024-03-07,EUR,93.8522
2024-03-07,GBP,109.752
2024-03-08,INR,1.0
2024-03-08,USD,85.7055
2024-03-08,EUR,93.9409
2024-03-08,GBP,103.3305
2024-03-09,INR,1.0
2024-03-09,USD,83.9426
2024-03-09,EUR,89.4962
2024-03-09,GBP,105.2083
2024-03-10,INR,1.0
2024-03-10,USD,82.2345
2024-03-10,EUR,90.6528
2024-03-10,GBP,109.8825
2024-03-11,INR,1.0
2024-03-11,USD,83.0608
2024-03-11,EUR,93.4885
2024-03-11,GBP,105.6401
2024-03-12,INR,1.0
2024-03-12,USD,83.692
2024-03-12,EUR,94.7012
2024-03-12,GBP,109.9634
2024-03-13,INR,1.0
2024-03-13,USD,84.2231
2024-03-13,EUR,93.0289
2024-03-13,GBP,103.2384
2024-03-14,INR,1.0
2024-03-14,USD,83.1868
2024-03-14,EUR,94.781
2024-03-14,GBP,106.6334
2024-03-15,INR,1.0
2024-03-15,USD,84.1688
2024-03-15,EUR,93.2358
2024-03-15,GBP,102.4573
2024-03-16,INR,1.0
2024-03-16,USD,84.3367
2024-03-16,EUR,91.52
2024-03-16,GBP,108.8218
2024-03-17,INR,1.0
2024-03-17,USD,82.6297
2024-03-17,EUR,94.7255
2024-03-17,GBP,102.6409
2024-03-18,INR,1.0
2024-03-18,USD,82.7433
2024-03-18,EUR,92.1652
2024-03-18,GBP,107.4017
2024-03-19,INR,1.0
2024-03-19,USD,82.9408
2024-03-19,EUR,88.8392
2024-03-19,GBP,109.1223
2024-03-20,INR,1.0
2024-03-20,USD,82.9849
2024-03-20,EUR,92.1616
2024-03-20,GBP,106.9551
2024-03-21,INR,1.0
2024-03-21,USD,83.6769
2024-03-21,EUR,92.0857
2024-03-21,GBP,106.1823
2024-03-22,INR,1.0
2024-03-22,USD,85.7388
2024-03-22,EUR,89.4298
2024-03-22,GBP,107.7295
2024-03-23,INR,1.0
2024-03-23,USD,82.9547
2024-03-23,EUR,90.7705
2024-03-23,GBP,107.3735
2024-03-24,INR,1.0
2024-03-24,USD,83.2
2024-03-24,EUR,90.2132
2024-03-24,GBP,108.0149
2024-03-25,INR,1.0
2024-03-25,USD,82.2902
2024-03-25,EUR,91.208
2024-03-25,GBP,109.9876
2024-03-26,INR,1.0
2024-03-26,USD,85.9844
2024-03-26,EUR,88.5128
2024-03-26,GBP,103.7052
2024-03-27,INR,1.0
2024-03-27,USD,83.0608
2024-03-27,EUR,94.5328
2024-03-27,GBP,109.0469
2024-03-28,INR,1.0
2024-03-28,USD,85.5171
2024-03-28,EUR,90.5867
2024-03-28,GBP,103.262
2024-03-29,INR,1.0
2024-03-29,USD,85.335
2024-03-29,EUR,92.9248
2024-03-29,GBP,106.8934
2024-03-30,INR,1.0
2024-03-30,USD,85.9489
2024-03-30,EUR,92.5778
2024-03-30,GBP,102.0626
2024-03-31,INR,1.0
2024-03-31,USD,85.2684
2024-03-31,EUR,90.0957
2024-03-31,GBP,107.3071
2024-04-01,INR,1.0
2024-04-01,USD,85.7557
2024-04-01,EUR,88.94
2024-04-01,GBP,102.9234
2024-04-02,INR,1.0
2024-04-02,USD,82.4281
2024-04-02,EUR,91.8726
2024-04-02,GBP,104.1788
2024-04-03,INR,1.0
2024-04-03,USD,84.4193
2024-04-03,EUR,93.0233
2024-04-03,GBP,103.6288
2024-04-04,INR,1.0
2024-04-04,USD,84.537
2024-04-04,EUR,89.8479
2024-04-04,GBP,105.9083
2024-04-05,INR,1.0
2024-04-05,USD,85.6213
2024-04-05,EUR,93.9227
2024-04-05,GBP,102.7384
2024-04-06,INR,1.0
2024-04-06,USD,83.6943
2024-04-06,EUR,89.9368
2024-04-06,GBP,102.0284
2024-04-07,INR,1.0
2024-04-07,USD,85.0845
2024-04-07,EUR,92.4598
2024-04-07,GBP,104.0956
2024-04-08,INR,1.0
2024-04-08,USD,84.9649
2024-04-08,EUR,91.8618
2024-04-08,GBP,105.4215
2024-04-09,INR,1.0
2024-04-09,USD,82.0387
2024-04-09,EUR,88.5267
2024-04-09,GBP,109.0649
2024-04-10,INR,1.0
2024-04-10,USD,85.6157
2024-04-10,EUR,91.8191
2024-04-10,GBP,108.6768
2024-04-11,INR,1.0
2024-04-11,USD,84.33
2024-04-11,EUR,89.0367
2024-04-11,GBP,103.0196
2024-04-12,INR,1.0
2024-04-12,USD,83.233
2024-04-12,EUR,94.2929
2024-04-12,GBP,108.369
2024-04-13,INR,1.0
2024-04-13,USD,85.4428
2024-04-13,EUR,94.2925
2024-04-13,GBP,103.6806
2024-04-14,INR,1.0
2024-04-14,USD,82.9981
2024-04-14,EUR,88.7196
2024-04-14,GBP,108.2409
2024-04-15,INR,1.0
2024-04-15,USD,85.5365
2024-04-15,EUR,90.8446
2024-04-15,GBP,106.9653
2024-04-16,INR,1.0
2024-04-16,USD,82.6182
2024-04-16,EUR,94.5092
2024-04-16,GBP,108.9168
2024-04-17,INR,1.0
2024-04-17,USD,85.9048
2024-04-17,EUR,93.6754
2024-04-17,GBP,109.0513
2024-04-18,INR,1.0
2024-04-18,USD,82.0991
2024-04-18,EUR,93.156
2024-04-18,GBP,104.6575
2024-04-19,INR,1.0
2024-04-19,USD,85.7233
2024-04-19,EUR,93.6156
2024-04-19,GBP,108.9125
2024-04-20,INR,1.0
2024-04-20,USD,85.243
2024-04-20,EUR,89.8676
2024-04-20,GBP,108.299
2024-04-21,INR,1.0
2024-04-21,USD,82.4324
2024-04-21,EUR,94.1052
2024-04-21,GBP,108.8687
2024-04-22,INR,1.0
2024-04-22,USD,82.8897
2024-04-22,EUR,93.7161
2024-04-22,GBP,105.6824
2024-04-23,INR,1.0
2024-04-23,USD,83.2208
2024-04-23,EUR,93.5674
2024-04-23,GBP,103.8208
2024-04-24,INR,1.0
2024-04-24,USD,82.0947
2024-04-24,EUR,89.3519
2024-04-24,GBP,104.6261
2024-04-25,INR,1.0
2024-04-25,USD,85.4574
2024-04-25,EUR,94.7682
2024-04-25,GBP,104.233
2024-04-26,INR,1.0
2024-04-26,USD,84.5659
2024-04-26,EUR,90.7977
2024-04-26,GBP,109.8492
2024-04-27,INR,1.0
2024-04-27,USD,84.1449
2024-04-27,EUR,94.5747
2024-04-27,GBP,102.9227
2024-04-28,INR,1.0
2024-04-28,USD,85.8816
2024-04-28,EUR,89.25
2024-04-28,GBP,109.7003
2024-04-29,INR,1.0
2024-04-29,USD,83.0619
2024-04-29,EUR,88.7588
2024-04-29,GBP,105.4765
2024-04-30,INR,1.0
2024-04-30,USD,84.9142
2024-04-30,EUR,90.1957
2024-04-30,GBP,106.8497
2024-05-01,INR,1.0
2024-05-01,USD,84.0457
2024-05-01,EUR,90.6964
2024-05-01,GBP,106.6127
2024-05-02,INR,1.0
2024-05-02,USD,83.0189
2024-05-02,EUR,92.9615
2024-05-02,GBP,102.0135
2024-05-03,INR,1.0
2024-05-03,USD,85.7023
2024-05-03,EUR,91.7692
2024-05-03,GBP,107.7554
2024-05-04,INR,1.0
2024-05-04,USD,84.9678
2024-05-04,EUR,92.6944
2024-05-04,GBP,104.9138
2024-05-05,INR,1.0
2024-05-05,USD,82.2799
2024-05-05,EUR,92.6497
2024-05-05,GBP,104.6416
2024-05-06,INR,1.0
2024-05-06,USD,83.2557
2024-05-06,EUR,93.9361
2024-05-06,GBP,107.758
2024-05-07,INR,1.0
2024-05-07,USD,83.2013
2024-05-07,EUR,90.165
2024-05-07,GBP,105.2671
2024-05-08,INR,1.0
2024-05-08,USD,83.6096
2024-05-08,EUR,90.0696
2024-05-08,GBP,103.0183
2024-05-09,INR,1.0
2024-05-09,USD,83.6818
2024-05-09,EUR,94.5825
2024-05-09,GBP,107.4185
2024-05-10,INR,1.0
2024-05-10,USD,85.6112
2024-05-10,EUR,92.3086
2024-05-10,GBP,104.4076
2024-05-11,INR,1.0
2024-05-11,USD,84.1917
2024-05-11,EUR,88.0028
2024-05-11,GBP,104.2953
2024-05-12,INR,1.0
2024-05-12,USD,83.7196
2024-05-12,EUR,92.0599
2024-05-12,GBP,107.2376
2024-05-13,INR,1.0
2024-05-13,USD,83.86
2024-05-13,EUR,91.0951
2024-05-13,GBP,103.7096
2024-05-14,INR,1.0
2024-05-14,USD,83.8927
2024-05-14,EUR,94.3083
2024-05-14,GBP,108.3682
2024-05-15,INR,1.0
2024-05-15,USD,82.6788
2024-05-15,EUR,88.5936
2024-05-15,GBP,106.1236
2024-05-16,INR,1.0
2024-05-16,USD,84.5318
2024-05-16,EUR,90.3463
2024-05-16,GBP,108.5474
2024-05-17,INR,1.0
2024-05-17,USD,85.0046
2024-05-17,EUR,92.7096
2024-05-17,GBP,103.7971
2024-05-18,INR,1.0
2024-05-18,USD,82.7965
2024-05-18,EUR,88.171
2024-05-18,GBP,103.9587
2024-05-19,INR,1.0
2024-05-19,USD,83.9005
2024-05-19,EUR,93.9482
2024-05-19,GBP,102.5826
2024-05-20,INR,1.0
2024-05-20,USD,83.6578
2024-05-20,EUR,92.4084
2024-05-20,GBP,103.5555
2024-05-21,INR,1.0
2024-05-21,USD,84.7854
2024-05-21,EUR,91.4606
2024-05-21,GBP,103.9519
2024-05-22,INR,1.0
2024-05-22,USD,84.6242
2024-05-22,EUR,88.0388
2024-05-22,GBP,108.0077
2024-05-23,INR,1.0
2024-05-23,USD,85.0802
2024-05-23,EUR,88.7461
2024-05-23,GBP,105.4012
2024-05-24,INR,1.0
2024-05-24,USD,82.7035
2024-05-24,EUR,94.7058
2024-05-24,GBP,106.1437
2024-05-25,INR,1.0
2024-05-25,USD,82.2009
2024-05-25,EUR,89.7444
2024-05-25,GBP,108.7867
2024-05-26,INR,1.0
2024-05-26,USD,83.8258
2024-05-26,EUR,93.6099
2024-05-26,GBP,107.3406
2024-05-27,INR,1.0
2024-05-27,USD,85.9516
2024-05-27,EUR,92.1682
2024-05-27,GBP,109.6003
2024-05-28,INR,1.0
2024-05-28,USD,85.5657
2024-05-28,EUR,92.2886
2024-05-28,GBP,107.7542
2024-05-29,INR,1.0
2024-05-29,USD,84.0191
2024-05-29,EUR,93.814
2024-05-29,GBP,106.383
2024-05-30,INR,1.0
2024-05-30,USD,85.5888
2024-05-30,EUR,93.2056
2024-05-30,GBP,105.7974
2024-05-31,INR,1.0
2024-05-31,USD,83.0368
2024-05-31,EUR,89.7307
2024-05-31,GBP,107.1013
2024-06-01,INR,1.0
2024-06-01,USD,85.0633
2024-06-01,EUR,91.6491
2024-06-01,GBP,107.014
2024-06-02,INR,1.0
2024-06-02,USD,83.0984
2024-06-02,EUR,88.5424
2024-06-02,GBP,104.2858
2024-06-03,INR,1.0
2024-06-03,USD,83.0869
2024-06-03,EUR,90.238
2024-06-03,GBP,106.3212
2024-06-04,INR,1.0
2024-06-04,USD,82.5535
2024-06-04,EUR,89.6188
2024-06-04,GBP,107.5516
2024-06-05,INR,1.0
2024-06-05,USD,84.8257
2024-06-05,EUR,88.4496
2024-06-05,GBP,105.2608
2024-06-06,INR,1.0
2024-06-06,USD,84.1704
2024-06-06,EUR,90.9104
2024-06-06,GBP,103.6547
2024-06-07,INR,1.0
2024-06-07,USD,83.6806
2024-06-07,EUR,94.3339
2024-06-07,GBP,106.6726
2024-06-08,INR,1.0
2024-06-08,USD,84.7821
2024-06-08,EUR,93.9971
2024-06-08,GBP,108.1248
2024-06-09,INR,1.0
2024-06-09,USD,83.5215
2024-06-09,EUR,88.0413
2024-06-09,GBP,104.8141
2024-06-10,INR,1.0
2024-06-10,USD,85.0139
2024-06-10,EUR,93.9741
2024-06-10,GBP,109.6274
2024-06-11,INR,1.0
2024-06-11,USD,83.6761
2024-06-11,EUR,93.2326
2024-06-11,GBP,106.3691
2024-06-12,INR,1.0
2024-06-12,USD,84.413
2024-06-12,EUR,89.5438
2024-06-12,GBP,103.7554
2024-06-13,INR,1.0
2024-06-13,USD,83.7433
2024-06-13,EUR,88.2032
2024-06-13,GBP,104.689
2024-06-14,INR,1.0
2024-06-14,USD,84.7166
2024-06-14,EUR,90.8302
2024-06-14,GBP,103.3204
2024-06-15,INR,1.0
2024-06-15,USD,83.8696
2024-06-15,EUR,88.8934
2024-06-15,GBP,106.9781
2024-06-16,INR,1.0
2024-06-16,USD,82.1079
2024-06-16,EUR,90.7581
2024-06-16,GBP,106.5151
2024-06-17,INR,1.0
2024-06-17,USD,82.1084
2024-06-17,EUR,92.4992
2024-06-17,GBP,103.0856
2024-06-18,INR,1.0
2024-06-18,USD,83.8468
2024-06-18,EUR,88.352
2024-06-18,GBP,105.0328
2024-06-19,INR,1.0
2024-06-19,USD,82.8466
2024-06-19,EUR,90.2879
2024-06-19,GBP,108.0898
2024-06-20,INR,1.0
2024-06-20,USD,83.5165
2024-06-20,EUR,93.2641
2024-06-20,GBP,108.6554
2024-06-21,INR,1.0
2024-06-21,USD,83.0091
2024-06-21,EUR,88.5733
2024-06-21,GBP,102.1551
2024-06-22,INR,1.0
2024-06-22,USD,84.1577
2024-06-22,EUR,94.9994
2024-06-22,GBP,104.7997
2024-06-23,INR,1.0
2024-06-23,USD,84.6006
2024-06-23,EUR,93.4686
2024-06-23,GBP,107.214
2024-06-24,INR,1.0
2024-06-24,USD,85.0169
2024-06-24,EUR,94.6473
2024-06-24,GBP,103.5949
2024-06-25,INR,1.0
2024-06-25,USD,82.0815
2024-06-25,EUR,89.0667
2024-06-25,GBP,103.0098
2024-06-26,INR,1.0
2024-06-26,USD,84.6778
2024-06-26,EUR,91.9478
2024-06-26,GBP,103.7437
2024-06-27,INR,1.0
2024-06-27,USD,84.7979
2024-06-27,EUR,93.3683
2024-06-27,GBP,103.3423
2024-06-28,INR,1.0
2024-06-28,USD,84.429
2024-06-28,EUR,93.2355
2024-06-28,GBP,102.9163
2024-06-29,INR,1.0
2024-06-29,USD,85.2772
2024-06-29,EUR,94.753
2024-06-29,GBP,102.8648
2024-06-30,INR,1.0
2024-06-30,USD,82.1027
2024-06-30,EUR,90.1837
2024-06-30,GBP,107.4188
2024-07-01,INR,1.0
2024-07-01,USD,85.8327
2024-07-01,EUR,90.7766
2024-07-01,GBP,107.7201
2024-07-02,INR,1.0
2024-07-02,USD,82.304
2024-07-02,EUR,92.8343
2024-07-02,GBP,107.0179
2024-07-03,INR,1.0
2024-07-03,USD,82.4076
2024-07-03,EUR,93.4074
2024-07-03,GBP,108.8023
2024-07-04,INR,1.0
2024-07-04,USD,84.4016
2024-07-04,EUR,88.8474
2024-07-04,GBP,109.8708
2024-07-05,INR,1.0
2024-07-05,USD,85.1305
2024-07-05,EUR,90.4304
2024-07-05,GBP,105.427
2024-07-06,INR,1.0
2024-07-06,USD,83.4823
2024-07-06,EUR,91.5417
2024-07-06,GBP,104.7298
2024-07-07,INR,1.0
2024-07-07,USD,85.3983
2024-07-07,EUR,93.7563
2024-07-07,GBP,102.8443
2024-07-08,INR,1.0
2024-07-08,USD,85.8432
2024-07-08,EUR,92.4491
2024-07-08,GBP,108.6297
2024-07-09,INR,1.0
2024-07-09,USD,84.8292
2024-07-09,EUR,91.0484
2024-07-09,GBP,107.8704
2024-07-10,INR,1.0
2024-07-10,USD,85.8619
2024-07-10,EUR,89.8906
2024-07-10,GBP,108.4656
2024-07-11,INR,1.0
2024-07-11,USD,84.1527
2024-07-11,EUR,91.3845
2024-07-11,GBP,105.4846
2024-07-12,INR,1.0
2024-07-12,USD,84.9241
2024-07-12,EUR,89.8788
2024-07-12,GBP,108.8137
2024-07-13,INR,1.0
2024-07-13,USD,85.3229
2024-07-13,EUR,88.6066
2024-07-13,GBP,109.053
2024-07-14,INR,1.0
2024-07-14,USD,82.9755
2024-07-14,EUR,91.253
2024-07-14,GBP,106.8827
2024-07-15,INR,1.0
2024-07-15,USD,83.516
2024-07-15,EUR,88.2009
2024-07-15,GBP,108.8076
2024-07-16,INR,1.0
2024-07-16,USD,82.7274
2024-07-16,EUR,89.4848
2024-07-16,GBP,108.3827
2024-07-17,INR,1.0
2024-07-17,USD,83.3614
2024-07-17,EUR,94.1622
2024-07-17,GBP,107.6095
2024-07-18,INR,1.0
2024-07-18,USD,83.1051
2024-07-18,EUR,88.0711
2024-07-18,GBP,109.5845
2024-07-19,INR,1.0
2024-07-19,USD,82.3425
2024-07-19,EUR,93.0405
2024-07-19,GBP,105.9086
2024-07-20,INR,1.0
2024-07-20,USD,85.0327
2024-07-20,EUR,92.8343
2024-07-20,GBP,107.1672
2024-07-21,INR,1.0
2024-07-21,USD,83.9633
2024-07-21,EUR,93.5505
2024-07-21,GBP,102.7444
2024-07-22,INR,1.0
2024-07-22,USD,82.8864
2024-07-22,EUR,92.8425
2024-07-22,GBP,104.4496
2024-07-23,INR,1.0
2024-07-23,USD,84.3262
2024-07-23,EUR,91.3128
2024-07-23,GBP,106.2474
2024-07-24,INR,1.0
2024-07-24,USD,83.702
2024-07-24,EUR,93.2215
2024-07-24,GBP,104.6463
2024-07-25,INR,1.0
2024-07-25,USD,84.8114
2024-07-25,EUR,89.8964
2024-07-25,GBP,104.0112
2024-07-26,INR,1.0
2024-07-26,USD,82.4826
2024-07-26,EUR,89.3481
2024-07-26,GBP,102.9564
2024-07-27,INR,1.0
2024-07-27,USD,84.1435
2024-07-27,EUR,93.3353
2024-07-27,GBP,103.4812
2024-07-28,INR,1.0
2024-07-28,USD,82.8655
2024-07-28,EUR,91.3894
2024-07-28,GBP,107.7967
2024-07-29,INR,1.0
2024-07-29,USD,85.9064
2024-07-29,EUR,91.6725
2024-07-29,GBP,104.264
2024-07-30,INR,1.0
2024-07-30,USD,82.4021
2024-07-30,EUR,89.3588
2024-07-30,GBP,103.8199
2024-07-31,INR,1.0
2024-07-31,USD,82.7178
2024-07-31,EUR,88.099
2024-07-31,GBP,106.2731
2024-08-01,INR,1.0
2024-08-01,USD,83.0972
2024-08-01,EUR,94.8201
2024-08-01,GBP,106.4269
2024-08-02,INR,1.0
2024-08-02,USD,84.7897
2024-08-02,EUR,88.884
2024-08-02,GBP,108.9477
2024-08-03,INR,1.0
2024-08-03,USD,83.9635
2024-08-03,EUR,94.109
2024-08-03,GBP,106.5925
2024-08-04,INR,1.0
2024-08-04,USD,83.8776
2024-08-04,EUR,91.0833
2024-08-04,GBP,103.4749
2024-08-05,INR,1.0
2024-08-05,USD,82.2055
2024-08-05,EUR,94.5874
2024-08-05,GBP,105.8218
2024-08-06,INR,1.0
2024-08-06,USD,85.2885
2024-08-06,EUR,90.805
2024-08-06,GBP,102.5927
2024-08-07,INR,1.0
2024-08-07,USD,84.5178
2024-08-07,EUR,88.3753
2024-08-07,GBP,103.1936
2024-08-08,INR,1.0
2024-08-08,USD,84.2514
2024-08-08,EUR,90.1268
2024-08-08,GBP,109.9513
2024-08-09,INR,1.0
2024-08-09,USD,82.4738
2024-08-09,EUR,93.3511
2024-08-09,GBP,106.8505
2024-08-10,INR,1.0
2024-08-10,USD,85.163
2024-08-10,EUR,89.5798
2024-08-10,GBP,106.1806
2024-08-11,INR,1.0
2024-08-11,USD,83.8021
2024-08-11,EUR,91.099
2024-08-11,GBP,108.8813
2024-08-12,INR,1.0
2024-08-12,USD,85.9601
2024-08-12,EUR,90.1377
2024-08-12,GBP,106.9682
2024-08-13,INR,1.0
2024-08-13,USD,84.4385
2024-08-13,EUR,93.1806
2024-08-13,GBP,109.5807
2024-08-14,INR,1.0
2024-08-14,USD,82.8312
2024-08-14,EUR,89.4772
2024-08-14,GBP,107.2834
2024-08-15,INR,1.0
2024-08-15,USD,82.6282
2024-08-15,EUR,89.2167
2024-08-15,GBP,102.6005
2024-08-16,INR,1.0
2024-08-16,USD,82.0107
2024-08-16,EUR,91.1535
2024-08-16,GBP,106.7505
2024-08-17,INR,1.0
2024-08-17,USD,83.165
2024-08-17,EUR,89.6203
2024-08-17,GBP,107.6556
2024-08-18,INR,1.0
2024-08-18,USD,84.812
2024-08-18,EUR,91.1782
2024-08-18,GBP,107.4991
2024-08-19,INR,1.0
2024-08-19,USD,85.6956
2024-08-19,EUR,93.5148
2024-08-19,GBP,107.0005
2024-08-20,INR,1.0
2024-08-20,USD,84.6447
2024-08-20,EUR,94.5357
2024-08-20,GBP,105.4011
2024-08-21,INR,1.0
2024-08-21,USD,84.1782
2024-08-21,EUR,92.5334
2024-08-21,GBP,109.2673
2024-08-22,INR,1.0
2024-08-22,USD,85.3065
2024-08-22,EUR,88.4999
2024-08-22,GBP,103.3274
2024-08-23,INR,1.0
2024-08-23,USD,83.2304
2024-08-23,EUR,93.2427
2024-08-23,GBP,106.5537
2024-08-24,INR,1.0
2024-08-24,USD,83.1544
2024-08-24,EUR,88.8705
2024-08-24,GBP,107.5094
2024-08-25,INR,1.0
2024-08-25,USD,84.7989
2024-08-25,EUR,94.5987
2024-08-25,GBP,106.0038
2024-08-26,INR,1.0
2024-08-26,USD,83.9752
2024-08-26,EUR,88.5631
2024-08-26,GBP,102.3189
2024-08-27,INR,1.0
2024-08-27,USD,83.7281
2024-08-27,EUR,90.2563
2024-08-27,GBP,104.0029
2024-08-28,INR,1.0
2024-08-28,USD,82.3653
2024-08-28,EUR,94.7334
2024-08-28,GBP,108.6877
2024-08-29,INR,1.0
2024-08-29,USD,84.3008
2024-08-29,EUR,94.6555
2024-08-29,GBP,109.9966
2024-08-30,INR,1.0
2024-08-30,USD,84.6891
2024-08-30,EUR,89.8866
2024-08-30,GBP,102.3219
2024-08-31,INR,1.0
2024-08-31,USD,85.0251
2024-08-31,EUR,91.2935
2024-08-31,GBP,107.2121
2024-09-01,INR,1.0
2024-09-01,USD,85.6643
2024-09-01,EUR,89.2704
2024-09-01,GBP,106.6826
2024-09-02,INR,1.0
2024-09-02,USD,84.5391
2024-09-02,EUR,91.4421
2024-09-02,GBP,102.7299
2024-09-03,INR,1.0
2024-09-03,USD,83.3918
2024-09-03,EUR,90.3332
2024-09-03,GBP,107.3611
2024-09-04,INR,1.0
2024-09-04,USD,85.4309
2024-09-04,EUR,90.3086
2024-09-04,GBP,107.5494
2024-09-05,INR,1.0
2024-09-05,USD,83.1529
2024-09-05,EUR,94.6164
2024-09-05,GBP,108.5085
2024-09-06,INR,1.0
2024-09-06,USD,84.2004
2024-09-06,EUR,91.1838
2024-09-06,GBP,104.5161
2024-09-07,INR,1.0
2024-09-07,USD,83.2931
2024-09-07,EUR,94.7913
2024-09-07,GBP,105.2334
2024-09-08,INR,1.0
2024-09-08,USD,84.0584
2024-09-08,EUR,94.9168
2024-09-08,GBP,107.2613
2024-09-09,INR,1.0
2024-09-09,USD,84.1704
2024-09-09,EUR,90.8927
2024-09-09,GBP,103.5007
2024-09-10,INR,1.0
2024-09-10,USD,83.4471
2024-09-10,EUR,93.2951
2024-09-10,GBP,107.0033
2024-09-11,INR,1.0
2024-09-11,USD,85.04
2024-09-11,EUR,89.4249
2024-09-11,GBP,106.3938
2024-09-12,INR,1.0
2024-09-12,USD,85.7107
2024-09-12,EUR,91.0668
2024-09-12,GBP,107.586
2024-09-13,INR,1.0
2024-09-13,USD,82.4857
2024-09-13,EUR,94.812
2024-09-13,GBP,106.871
2024-09-14,INR,1.0
2024-09-14,USD,82.9572
2024-09-14,EUR,89.1086
2024-09-14,GBP,106.4067
2024-09-15,INR,1.0
2024-09-15,USD,84.209
2024-09-15,EUR,88.6525
2024-09-15,GBP,109.9381
2024-09-16,INR,1.0
2024-09-16,USD,85.6517
2024-09-16,EUR,91.2301
2024-09-16,GBP,102.9397
2024-09-17,INR,1.0
2024-09-17,USD,85.3286
2024-09-17,EUR,91.4886
2024-09-17,GBP,107.7328
2024-09-18,INR,1.0
2024-09-18,USD,84.0355
2024-09-18,EUR,89.914
2024-09-18,GBP,108.6778
2024-09-19,INR,1.0
2024-09-19,USD,85.921
2024-09-19,EUR,89.7061
2024-09-19,GBP,106.4101
2024-09-20,INR,1.0
2024-09-20,USD,83.5343
2024-09-20,EUR,94.4531
2024-09-20,GBP,106.0659
2024-09-21,INR,1.0
2024-09-21,USD,85.5173
2024-09-21,EUR,94.0482
2024-09-21,GBP,104.21
2024-09-22,INR,1.0
2024-09-22,USD,85.16
2024-09-22,EUR,90.9046
2024-09-22,GBP,109.474
2024-09-23,INR,1.0
2024-09-23,USD,84.031
2024-09-23,EUR,93.7438
2024-09-23,GBP,104.2627
2024-09-24,INR,1.0
2024-09-24,USD,83.1942
2024-09-24,EUR,92.1086
2024-09-24,GBP,109.9912
2024-09-25,INR,1.0
2024-09-25,USD,83.9586
2024-09-25,EUR,89.0402
2024-09-25,GBP,106.3086
2024-09-26,INR,1.0
2024-09-26,USD,83.3805
2024-09-26,EUR,91.8634
2024-09-26,GBP,106.3474
2024-09-27,INR,1.0
2024-09-27,USD,83.8214
2024-09-27,EUR,90.2524
2024-09-27,GBP,103.5092
2024-09-28,INR,1.0
2024-09-28,USD,84.79
2024-09-28,EUR,92.0026
2024-09-28,GBP,103.8685
2024-09-29,INR,1.0
2024-09-29,USD,85.1022
2024-09-29,EUR,88.3055
2024-09-29,GBP,107.9576
2024-09-30,INR,1.0
2024-09-30,USD,84.8209
2024-09-30,EUR,93.6799
2024-09-30,GBP,105.0886
2024-10-01,INR,1.0
2024-10-01,USD,84.6548
2024-10-01,EUR,93.7452
2024-10-01,GBP,109.8465
2024-10-02,INR,1.0
2024-10-02,USD,83.9813
2024-10-02,EUR,88.2591
2024-10-02,GBP,106.0183
2024-10-03,INR,1.0
2024-10-03,USD,84.3607
2024-10-03,EUR,94.0879
2024-10-03,GBP,108.9935
2024-10-04,INR,1.0
2024-10-04,USD,83.7612
2024-10-04,EUR,91.6817
2024-10-04,GBP,105.6554
2024-10-05,INR,1.0
2024-10-05,USD,84.8898
2024-10-05,EUR,90.8699
2024-10-05,GBP,107.2383
2024-10-06,INR,1.0
2024-10-06,USD,82.6174
2024-10-06,EUR,91.2864
2024-10-06,GBP,109.7536
2024-10-07,INR,1.0
2024-10-07,USD,83.3542
2024-10-07,EUR,92.8489
2024-10-07,GBP,107.1987
2024-10-08,INR,1.0
2024-10-08,USD,85.4071
2024-10-08,EUR,93.9664
2024-10-08,GBP,108.8747
2024-10-09,INR,1.0
2024-10-09,USD,83.52
2024-10-09,EUR,90.2166
2024-10-09,GBP,107.7497
2024-10-10,INR,1.0
2024-10-10,USD,85.0376
2024-10-10,EUR,94.1067
2024-10-10,GBP,102.2872
2024-10-11,INR,1.0
2024-10-11,USD,82.2737
2024-10-11,EUR,92.4181
2024-10-11,GBP,109.3674
2024-10-12,INR,1.0
2024-10-12,USD,85.9897
2024-10-12,EUR,93.2274
2024-10-12,GBP,105.4718
2024-10-13,INR,1.0
2024-10-13,USD,82.3938
2024-10-13,EUR,92.4362
2024-10-13,GBP,108.9806
2024-10-14,INR,1.0
2024-10-14,USD,83.7747
2024-10-14,EUR,92.858
2024-10-14,GBP,109.2274
2024-10-15,INR,1.0
2024-10-15,USD,82.184
2024-10-15,EUR,93.573
2024-10-15,GBP,104.3469
2024-10-16,INR,1.0
2024-10-16,USD,83.4994
2024-10-16,EUR,89.019
2024-10-16,GBP,106.2493
2024-10-17,INR,1.0
2024-10-17,USD,84.2637
2024-10-17,EUR,93.5476
2024-10-17,GBP,103.3599
2024-10-18,INR,1.0
2024-10-18,USD,82.3159
2024-10-18,EUR,94.0959
2024-10-18,GBP,106.9577
2024-10-19,INR,1.0
2024-10-19,USD,82.9633
2024-10-19,EUR,94.3898
2024-10-19,GBP,103.1449
2024-10-20,INR,1.0
2024-10-20,USD,83.8446
2024-10-20,EUR,89.7778
2024-10-20,GBP,104.0426
2024-10-21,INR,1.0
2024-10-21,USD,82.0376
2024-10-21,EUR,93.6324
2024-10-21,GBP,109.2097
2024-10-22,INR,1.0
2024-10-22,USD,84.7104
2024-10-22,EUR,89.1058
2024-10-22,GBP,105.5338
2024-10-23,INR,1.0
2024-10-23,USD,83.3823
2024-10-23,EUR,92.113
2024-10-23,GBP,107.1115
2024-10-24,INR,1.0
2024-10-24,USD,83.6972
2024-10-24,EUR,89.7507
2024-10-24,GBP,108.7624
2024-10-25,INR,1.0
2024-10-25,USD,82.7969
2024-10-25,EUR,90.6929
2024-10-25,GBP,105.8657
2024-10-26,INR,1.0
2024-10-26,USD,82.9488
2024-10-26,EUR,92.0035
2024-10-26,GBP,106.5985
2024-10-27,INR,1.0
2024-10-27,USD,85.9708
2024-10-27,EUR,90.0666
2024-10-27,GBP,109.8236
2024-10-28,INR,1.0
2024-10-28,USD,84.6329
2024-10-28,EUR,89.9214
2024-10-28,GBP,106.5274
2024-10-29,INR,1.0
2024-10-29,USD,84.7432
2024-10-29,EUR,93.2127
2024-10-29,GBP,102.3924
2024-10-30,INR,1.0
2024-10-30,USD,84.4256
2024-10-30,EUR,91.4771
2024-10-30,GBP,109.2332
2024-10-31,INR,1.0
2024-10-31,USD,83.1448
2024-10-31,EUR,93.592
2024-10-31,GBP,106.8565
2024-11-01,INR,1.0
2024-11-01,USD,83.4093
2024-11-01,EUR,92.4563
2024-11-01,GBP,106.9671
2024-11-02,INR,1.0
2024-11-02,USD,84.7111
2024-11-02,EUR,93.0465
2024-11-02,GBP,107.2735
2024-11-03,INR,1.0
2024-11-03,USD,85.3533
2024-11-03,EUR,92.3977
2024-11-03,GBP,109.2272
2024-11-04,INR,1.0
2024-11-04,USD,84.5854
2024-11-04,EUR,90.1625
2024-11-04,GBP,105.5266
2024-11-05,INR,1.0
2024-11-05,USD,84.3183
2024-11-05,EUR,93.1265
2024-11-05,GBP,102.7211
2024-11-06,INR,1.0
2024-11-06,USD,83.1804
2024-11-06,EUR,93.2324
2024-11-06,GBP,103.4051
2024-11-07,INR,1.0
2024-11-07,USD,82.5286
2024-11-07,EUR,91.7759
2024-11-07,GBP,109.7719
2024-11-08,INR,1.0
2024-11-08,USD,84.1234
2024-11-08,EUR,94.3944
2024-11-08,GBP,108.6438
2024-11-09,INR,1.0
2024-11-09,USD,83.0279
2024-11-09,EUR,93.7728
2024-11-09,GBP,105.8548
2024-11-10,INR,1.0
2024-11-10,USD,85.226
2024-11-10,EUR,93.2259
2024-11-10,GBP,104.7097
2024-11-11,INR,1.0
2024-11-11,USD,82.4607
2024-11-11,EUR,94.7403
2024-11-11,GBP,103.1261
2024-11-12,INR,1.0
2024-11-12,USD,85.866
2024-11-12,EUR,94.021
2024-11-12,GBP,107.7937
2024-11-13,INR,1.0
2024-11-13,USD,85.9198
2024-11-13,EUR,94.7709
2024-11-13,GBP,108.4367
2024-11-14,INR,1.0
2024-11-14,USD,83.4631
2024-11-14,EUR,93.5348
2024-11-14,GBP,102.1113
2024-11-15,INR,1.0
2024-11-15,USD,84.1463
2024-11-15,EUR,91.1835
2024-11-15,GBP,107.3826
2024-11-16,INR,1.0
2024-11-16,USD,84.6894
2024-11-16,EUR,92.0919
2024-11-16,GBP,108.5793
2024-11-17,INR,1.0
2024-11-17,USD,85.7612
2024-11-17,EUR,88.7584
2024-11-17,GBP,103.8706
2024-11-18,INR,1.0
2024-11-18,USD,82.1001
2024-11-18,EUR,94.1896
2024-11-18,GBP,106.4913
2024-11-19,INR,1.0
2024-11-19,USD,85.661
2024-11-19,EUR,89.5496
2024-11-19,GBP,102.5057
2024-11-20,INR,1.0
2024-11-20,USD,85.2954
2024-11-20,EUR,94.3657
2024-11-20,GBP,104.4175
2024-11-21,INR,1.0
2024-11-21,USD,83.6332
2024-11-21,EUR,88.9784
2024-11-21,GBP,109.5701
2024-11-22,INR,1.0
2024-11-22,USD,83.2175
2024-11-22,EUR,91.4484
2024-11-22,GBP,102.7775
2024-11-23,INR,1.0
2024-11-23,USD,85.549
2024-11-23,EUR,88.9496
2024-11-23,GBP,105.6292
2024-11-24,INR,1.0
2024-11-24,USD,84.6819
2024-11-24,EUR,93.202
2024-11-24,GBP,109.5678
2024-11-25,INR,1.0
2024-11-25,USD,83.6765
2024-11-25,EUR,93.1959
2024-11-25,GBP,103.2362
2024-11-26,INR,1.0
2024-11-26,USD,83.6595
2024-11-26,EUR,88.6932
2024-11-26,GBP,105.9148
2024-11-27,INR,1.0
2024-11-27,USD,83.6325
2024-11-27,EUR,94.6607
2024-11-27,GBP,102.2617
2024-11-28,INR,1.0
2024-11-28,USD,83.4821
2024-11-28,EUR,91.1037
2024-11-28,GBP,109.6044
2024-11-29,INR,1.0
2024-11-29,USD,85.4218
2024-11-29,EUR,88.6955
2024-11-29,GBP,107.4854
2024-11-30,INR,1.0
2024-11-30,USD,84.1779
2024-11-30,EUR,94.8449
2024-11-30,GBP,104.8694
2024-12-01,INR,1.0
2024-12-01,USD,83.5926
2024-12-01,EUR,89.3287
2024-12-01,GBP,102.9773
2024-12-02,INR,1.0
2024-12-02,USD,85.3921
2024-12-02,EUR,91.183
2024-12-02,GBP,107.3021
2024-12-03,INR,1.0
2024-12-03,USD,84.5668
2024-12-03,EUR,92.18
2024-12-03,GBP,102.1709
2024-12-04,INR,1.0
2024-12-04,USD,85.1472
2024-12-04,EUR,89.705
2024-12-04,GBP,103.0074
2024-12-05,INR,1.0
2024-12-05,USD,84.2583
2024-12-05,EUR,88.4803
2024-12-05,GBP,108.1213
2024-12-06,INR,1.0
2024-12-06,USD,82.8286
2024-12-06,EUR,89.5117
2024-12-06,GBP,108.9576
2024-12-07,INR,1.0
2024-12-07,USD,83.3142
2024-12-07,EUR,89.0329
2024-12-07,GBP,109.2042
2024-12-08,INR,1.0
2024-12-08,USD,82.0113
2024-12-08,EUR,94.0088
2024-12-08,GBP,103.1575
2024-12-09,INR,1.0
2024-12-09,USD,82.52
2024-12-09,EUR,89.7546
2024-12-09,GBP,103.396
2024-12-10,INR,1.0
2024-12-10,USD,84.6442
2024-12-10,EUR,88.1805
2024-12-10,GBP,102.1189
2024-12-11,INR,1.0
2024-12-11,USD,85.1599
2024-12-11,EUR,89.6655
2024-12-11,GBP,104.5902
2024-12-12,INR,1.0
2024-12-12,USD,82.697
2024-12-12,EUR,88.3668
2024-12-12,GBP,107.9337
2024-12-13,INR,1.0
2024-12-13,USD,84.1043
2024-12-13,EUR,93.2197
2024-12-13,GBP,105.81
2024-12-14,INR,1.0
2024-12-14,USD,85.1121
2024-12-14,EUR,91.5927
2024-12-14,GBP,102.8724
2024-12-15,INR,1.0
2024-12-15,USD,84.0154
2024-12-15,EUR,94.6179
2024-12-15,GBP,102.3469
2024-12-16,INR,1.0
2024-12-16,USD,85.1329
2024-12-16,EUR,94.0689
2024-12-16,GBP,106.1716
2024-12-17,INR,1.0
2024-12-17,USD,83.8322
2024-12-17,EUR,94.7482
2024-12-17,GBP,102.4866
2024-12-18,INR,1.0
2024-12-18,USD,83.9159
2024-12-18,EUR,90.8113
2024-12-18,GBP,107.4888
2024-12-19,INR,1.0
2024-12-19,USD,83.9611
2024-12-19,EUR,94.3679
2024-12-19,GBP,102.5879
2024-12-20,INR,1.0
2024-12-20,USD,82.3232
2024-12-20,EUR,92.2581
2024-12-20,GBP,102.5255
2024-12-21,INR,1.0
2024-12-21,USD,83.1001
2024-12-21,EUR,92.4315
2024-12-21,GBP,106.3869
2024-12-22,INR,1.0
2024-12-22,USD,83.3007
2024-12-22,EUR,94.9624
2024-12-22,GBP,106.2445
2024-12-23,INR,1.0
2024-12-23,USD,83.8149
2024-12-23,EUR,92.238
2024-12-23,GBP,102.7934
2024-12-24,INR,1.0
2024-12-24,USD,84.8071
2024-12-24,EUR,93.9695
2024-12-24,GBP,107.2073
2024-12-25,INR,1.0
2024-12-25,USD,85.0759
2024-12-25,EUR,93.0459
2024-12-25,GBP,103.7202
2024-12-26,INR,1.0
2024-12-26,USD,83.8062
2024-12-26,EUR,89.5995
2024-12-26,GBP,104.7115
2024-12-27,INR,1.0
2024-12-27,USD,83.814
2024-12-27,EUR,90.9119
2024-12-27,GBP,102.7607
2024-12-28,INR,1.0
2024-12-28,USD,83.7071
2024-12-28,EUR,92.6558
2024-12-28,GBP,104.9944
2024-12-29,INR,1.0
2024-12-29,USD,82.6106
2024-12-29,EUR,94.4609
2024-12-29,GBP,102.5371
2024-12-30,INR,1.0
2024-12-30,USD,85.3271
2024-12-30,EUR,88.6526
2024-12-30,GBP,102.7725
2024-12-31,INR,1.0
2024-12-31,USD,84.9552
2024-12-31,EUR,93.6824
2024-12-31,GBP,106.451
2025-01-01,INR,1.0
2025-01-01,USD,84.3459
2025-01-01,EUR,91.9311
2025-01-01,GBP,104.6372
2025-01-02,INR,1.0
2025-01-02,USD,82.4889
2025-01-02,EUR,90.4752
2025-01-02,GBP,107.3227
2025-01-03,INR,1.0
2025-01-03,USD,85.0011
2025-01-03,EUR,94.0766
2025-01-03,GBP,107.7685
2025-01-04,INR,1.0
2025-01-04,USD,85.8736
2025-01-04,EUR,92.2029
2025-01-04,GBP,104.8132
2025-01-05,INR,1.0
2025-01-05,USD,84.3117
2025-01-05,EUR,89.4892
2025-01-05,GBP,107.2539
2025-01-06,INR,1.0
2025-01-06,USD,82.897
2025-01-06,EUR,88.7575
2025-01-06,GBP,108.763
2025-01-07,INR,1.0
2025-01-07,USD,83.4702
2025-01-07,EUR,93.3382
2025-01-07,GBP,106.5928
2025-01-08,INR,1.0
2025-01-08,USD,85.2289
2025-01-08,EUR,93.9161
2025-01-08,GBP,109.7964
2025-01-09,INR,1.0
2025-01-09,USD,85.2737
2025-01-09,EUR,92.295
2025-01-09,GBP,107.1416
2025-01-10,INR,1.0
2025-01-10,USD,82.105
2025-01-10,EUR,94.5036
2025-01-10,GBP,108.6357
2025-01-11,INR,1.0
2025-01-11,USD,83.0698
2025-01-11,EUR,89.2629
2025-01-11,GBP,107.6216
2025-01-12,INR,1.0
2025-01-12,USD,83.2359
2025-01-12,EUR,90.3788
2025-01-12,GBP,102.0488
2025-01-13,INR,1.0
2025-01-13,USD,85.4795
2025-01-13,EUR,91.9642
2025-01-13,GBP,105.2063
2025-01-14,INR,1.0
2025-01-14,USD,82.5675
2025-01-14,EUR,92.4322
2025-01-14,GBP,102.2453
2025-01-15,INR,1.0
2025-01-15,USD,84.9844
2025-01-15,EUR,89.5059
2025-01-15,GBP,105.3587
2025-01-16,INR,1.0
2025-01-16,USD,83.3636
2025-01-16,EUR,90.5904
2025-01-16,GBP,107.7728
2025-01-17,INR,1.0
2025-01-17,USD,85.1073
2025-01-17,EUR,91.9732
2025-01-17,GBP,102.6797
2025-01-18,INR,1.0
2025-01-18,USD,82.2104
2025-01-18,EUR,89.1019
2025-01-18,GBP,106.9427
2025-01-19,INR,1.0
2025-01-19,USD,84.6959
2025-01-19,EUR,89.9047
2025-01-19,GBP,107.2955
2025-01-20,INR,1.0
2025-01-20,USD,83.9426
2025-01-20,EUR,91.0943
2025-01-20,GBP,104.1853
2025-01-21,INR,1.0
2025-01-21,USD,85.0198
2025-01-21,EUR,88.7967
2025-01-21,GBP,105.4393
2025-01-22,INR,1.0
2025-01-22,USD,83.133
2025-01-22,EUR,92.7494
2025-01-22,GBP,105.8931
2025-01-23,INR,1.0
2025-01-23,USD,84.6685
2025-01-23,EUR,88.3179
2025-01-23,GBP,105.1621
2025-01-24,INR,1.0
2025-01-24,USD,84.3973
2025-01-24,EUR,88.0538
2025-01-24,GBP,104.4114
2025-01-25,INR,1.0
2025-01-25,USD,82.8449
2025-01-25,EUR,88.9606
2025-01-25,GBP,104.0442
2025-01-26,INR,1.0
2025-01-26,USD,83.3125
2025-01-26,EUR,88.0541
2025-01-26,GBP,107.9761
2025-01-27,INR,1.0
2025-01-27,USD,82.7028
2025-01-27,EUR,90.6615
2025-01-27,GBP,107.6294
2025-01-28,INR,1.0
2025-01-28,USD,84.001
2025-01-28,EUR,93.8335
2025-01-28,GBP,108.4496
2025-01-29,INR,1.0
2025-01-29,USD,82.2883
2025-01-29,EUR,94.0324
2025-01-29,GBP,102.3384
2025-01-30,INR,1.0
2025-01-30,USD,82.075
2025-01-30,EUR,94.4481
2025-01-30,GBP,108.8969
2025-01-31,INR,1.0
2025-01-31,USD,84.303
2025-01-31,EUR,92.0138
2025-01-31,GBP,107.676
2025-02-01,INR,1.0
2025-02-01,USD,83.6708
2025-02-01,EUR,88.8062
2025-02-01,GBP,102.1669
2025-02-02,INR,1.0
2025-02-02,USD,83.2991
2025-02-02,EUR,93.6093
2025-02-02,GBP,106.945
2025-02-03,INR,1.0
2025-02-03,USD,85.3281
2025-02-03,EUR,94.4384
2025-02-03,GBP,102.705
2025-02-04,INR,1.0
2025-02-04,USD,85.3779
2025-02-04,EUR,89.7032
2025-02-04,GBP,106.711
2025-02-05,INR,1.0
2025-02-05,USD,84.0959
2025-02-05,EUR,90.7704
2025-02-05,GBP,104.4822
2025-02-06,INR,1.0
2025-02-06,USD,83.3581
2025-02-06,EUR,90.3315
2025-02-06,GBP,103.3451
2025-02-07,INR,1.0
2025-02-07,USD,84.0419
2025-02-07,EUR,88.7982
2025-02-07,GBP,106.0796
2025-02-08,INR,1.0
2025-02-08,USD,85.6237
2025-02-08,EUR,90.4456
2025-02-08,GBP,107.819
2025-02-09,INR,1.0
2025-02-09,USD,85.2758
2025-02-09,EUR,93.7053
2025-02-09,GBP,103.8902
2025-02-10,INR,1.0
2025-02-10,USD,82.5858
2025-02-10,EUR,89.3809
2025-02-10,GBP,106.8192
2025-02-11,INR,1.0
2025-02-11,USD,85.0409
2025-02-11,EUR,92.5886
2025-02-11,GBP,103.4172
2025-02-12,INR,1.0
2025-02-12,USD,85.0914
2025-02-12,EUR,91.4588
2025-02-12,GBP,108.0356
2025-02-13,INR,1.0
2025-02-13,USD,85.0395
2025-02-13,EUR,91.1423
2025-02-13,GBP,109.3932
2025-02-14,INR,1.0
2025-02-14,USD,84.258
2025-02-14,EUR,92.4471
2025-02-14,GBP,106.9962
2025-02-15,INR,1.0
2025-02-15,USD,85.457
2025-02-15,EUR,92.3905
2025-02-15,GBP,103.2077
2025-02-16,INR,1.0
2025-02-16,USD,82.2731
2025-02-16,EUR,91.0955
2025-02-16,GBP,104.4226
2025-02-17,INR,1.0
2025-02-17,USD,83.0987
2025-02-17,EUR,88.3932
2025-02-17,GBP,106.0587
2025-02-18,INR,1.0
2025-02-18,USD,83.2416
2025-02-18,EUR,91.1634
2025-02-18,GBP,102.4551
2025-02-19,INR,1.0
2025-02-19,USD,85.3268
2025-02-19,EUR,88.5371
2025-02-19,GBP,108.914
2025-02-20,INR,1.0
2025-02-20,USD,85.4212
2025-02-20,EUR,92.3051
2025-02-20,GBP,106.0565
2025-02-21,INR,1.0
2025-02-21,USD,83.8508
2025-02-21,EUR,91.8802
2025-02-21,GBP,108.3345
2025-02-22,INR,1.0
2025-02-22,USD,85.5835
2025-02-22,EUR,91.1481
2025-02-22,GBP,108.4785
2025-02-23,INR,1.0
2025-02-23,USD,84.6073
2025-02-23,EUR,90.2507
2025-02-23,GBP,105.805
2025-02-24,INR,1.0
2025-02-24,USD,82.6034
2025-02-24,EUR,88.4331
2025-02-24,GBP,102.828
2025-02-25,INR,1.0
2025-02-25,USD,85.5965
2025-02-25,EUR,90.4041
2025-02-25,GBP,107.7145
2025-02-26,INR,1.0
2025-02-26,USD,84.0182
2025-02-26,EUR,89.2079
2025-02-26,GBP,103.9819
2025-02-27,INR,1.0
2025-02-27,USD,83.751
2025-02-27,EUR,91.076
2025-02-27,GBP,106.182
2025-02-28,INR,1.0
2025-02-28,USD,82.635
2025-02-28,EUR,90.61
2025-02-28,GBP,104.2631
2025-03-01,INR,1.0
2025-03-01,USD,83.6351
2025-03-01,EUR,90.3686
2025-03-01,GBP,106.7831
2025-03-02,INR,1.0
2025-03-02,USD,85.1569
2025-03-02,EUR,92.5311
2025-03-02,GBP,102.5273
2025-03-03,INR,1.0
2025-03-03,USD,82.378
2025-03-03,EUR,92.7487
2025-03-03,GBP,104.2732
2025-03-04,INR,1.0
2025-03-04,USD,84.8949
2025-03-04,EUR,92.5959
2025-03-04,GBP,109.2507
2025-03-05,INR,1.0
2025-03-05,USD,85.4931
2025-03-05,EUR,90.3335
2025-03-05,GBP,106.6619
2025-03-06,INR,1.0
2025-03-06,USD,82.5657
2025-03-06,EUR,90.4487
2025-03-06,GBP,109.7416
2025-03-07,INR,1.0
2025-03-07,USD,84.7939
2025-03-07,EUR,90.7437
2025-03-07,GBP,106.7603
2025-03-08,INR,1.0
2025-03-08,USD,85.752
2025-03-08,EUR,90.1671
2025-03-08,GBP,105.0134
2025-03-09,INR,1.0
2025-03-09,USD,85.1666
2025-03-09,EUR,93.6923
2025-03-09,GBP,107.3609
2025-03-10,INR,1.0
2025-03-10,USD,85.3158
2025-03-10,EUR,93.1714
2025-03-10,GBP,107.4833
2025-03-11,INR,1.0
2025-03-11,USD,84.1056
2025-03-11,EUR,92.5222
2025-03-11,GBP,105.3873
2025-03-12,INR,1.0
2025-03-12,USD,83.4473
2025-03-12,EUR,90.5382
2025-03-12,GBP,103.4421
2025-03-13,INR,1.0
2025-03-13,USD,82.8568
2025-03-13,EUR,94.6337
2025-03-13,GBP,105.8902
2025-03-14,INR,1.0
2025-03-14,USD,82.9062
2025-03-14,EUR,88.963
2025-03-14,GBP,102.6173
2025-03-15,INR,1.0
2025-03-15,USD,85.3777
2025-03-15,EUR,88.708
2025-03-15,GBP,108.167
2025-03-16,INR,1.0
2025-03-16,USD,85.3405
2025-03-16,EUR,94.1858
2025-03-16,GBP,102.302
2025-03-17,INR,1.0
2025-03-17,USD,83.3471
2025-03-17,EUR,93.3642
2025-03-17,GBP,103.0484
2025-03-18,INR,1.0
2025-03-18,USD,83.5069
2025-03-18,EUR,89.1357
2025-03-18,GBP,108.6508
2025-03-19,INR,1.0
2025-03-19,USD,85.0844
2025-03-19,EUR,93.6633
2025-03-19,GBP,103.3243
2025-03-20,INR,1.0
2025-03-20,USD,83.7507
2025-03-20,EUR,90.876
2025-03-20,GBP,107.4109
2025-03-21,INR,1.0
2025-03-21,USD,82.9501
2025-03-21,EUR,91.1094
2025-03-21,GBP,104.2794
2025-03-22,INR,1.0
2025-03-22,USD,84.9941
2025-03-22,EUR,91.1425
2025-03-22,GBP,106.2721
2025-03-23,INR,1.0
2025-03-23,USD,83.2379
2025-03-23,EUR,93.6604
2025-03-23,GBP,105.7521
2025-03-24,INR,1.0
2025-03-24,USD,85.3405
2025-03-24,EUR,90.5749
2025-03-24,GBP,109.577
2025-03-25,INR,1.0
2025-03-25,USD,85.9378
2025-03-25,EUR,91.2318
2025-03-25,GBP,104.2542
2025-03-26,INR,1.0
2025-03-26,USD,83.5275
2025-03-26,EUR,91.6922
2025-03-26,GBP,109.7301
2025-03-27,INR,1.0
2025-03-27,USD,85.2676
2025-03-27,EUR,93.6088
2025-03-27,GBP,103.1072
2025-03-28,INR,1.0
2025-03-28,USD,83.0
2025-03-28,EUR,92.4883
2025-03-28,GBP,108.9929
2025-03-29,INR,1.0
2025-03-29,USD,84.2182
2025-03-29,EUR,88.7181
2025-03-29,GBP,108.7671
2025-03-30,INR,1.0
2025-03-30,USD,85.4047
2025-03-30,EUR,89.9954
2025-03-30,GBP,108.1049
2025-03-31,INR,1.0
2025-03-31,USD,83.0912
2025-03-31,EUR,94.3371
2025-03-31,GBP,103.1788
2025-04-01,INR,1.0
2025-04-01,USD,83.7499
2025-04-01,EUR,94.6249
2025-04-01,GBP,103.7763
2025-04-02,INR,1.0
2025-04-02,USD,83.8045
2025-04-02,EUR,90.4471
2025-04-02,GBP,102.2134
2025-04-03,INR,1.0
2025-04-03,USD,82.213
2025-04-03,EUR,91.514
2025-04-03,GBP,103.8862
2025-04-04,INR,1.0
2025-04-04,USD,85.9781
2025-04-04,EUR,90.6244
2025-04-04,GBP,102.2255
2025-04-05,INR,1.0
2025-04-05,USD,85.7233
2025-04-05,EUR,93.8742
2025-04-05,GBP,107.1997
2025-04-06,INR,1.0
2025-04-06,USD,85.1655
2025-04-06,EUR,88.9632
2025-04-06,GBP,104.295
2025-04-07,INR,1.0
2025-04-07,USD,85.319
2025-04-07,EUR,92.8725
2025-04-07,GBP,103.1103
2025-04-08,INR,1.0
2025-04-08,USD,84.8221
2025-04-08,EUR,91.1402
2025-04-08,GBP,102.042
2025-04-09,INR,1.0
2025-04-09,USD,82.3169
2025-04-09,EUR,89.7915
2025-04-09,GBP,108.6797
2025-04-10,INR,1.0
2025-04-10,USD,84.1952
2025-04-10,EUR,93.0906
2025-04-10,GBP,106.2222
2025-04-11,INR,1.0
2025-04-11,USD,82.4447
2025-04-11,EUR,90.0167
2025-04-11,GBP,104.4092
2025-04-12,INR,1.0
2025-04-12,USD,82.191
2025-04-12,EUR,90.9388
2025-04-12,GBP,108.3512
2025-04-13,INR,1.0
2025-04-13,USD,83.8285
2025-04-13,EUR,88.776
2025-04-13,GBP,109.2412
2025-04-14,INR,1.0
2025-04-14,USD,84.387
2025-04-14,EUR,88.115
2025-04-14,GBP,106.123
2025-04-15,INR,1.0
2025-04-15,USD,82.9678
2025-04-15,EUR,89.005
2025-04-15,GBP,105.4339
2025-04-16,INR,1.0
2025-04-16,USD,84.4592
2025-04-16,EUR,89.6839
2025-04-16,GBP,105.3325
2025-04-17,INR,1.0
2025-04-17,USD,84.6575
2025-04-17,EUR,88.5993
2025-04-17,GBP,109.7972
2025-04-18,INR,1.0
2025-04-18,USD,82.2707
2025-04-18,EUR,91.6824
2025-04-18,GBP,106.0586
2025-04-19,INR,1.0
2025-04-19,USD,85.9533
2025-04-19,EUR,91.8791
2025-04-19,GBP,105.1236
2025-04-20,INR,1.0
2025-04-20,USD,83.8805
2025-04-20,EUR,92.4497
2025-04-20,GBP,109.8483
2025-04-21,INR,1.0
2025-04-21,USD,83.0146
2025-04-21,EUR,88.1137
2025-04-21,GBP,108.3082
2025-04-22,INR,1.0
2025-04-22,USD,83.3792
2025-04-22,EUR,93.1306
2025-04-22,GBP,107.0261
2025-04-23,INR,1.0
2025-04-23,USD,85.086
2025-04-23,EUR,93.1463
2025-04-23,GBP,104.6601
2025-04-24,INR,1.0
2025-04-24,USD,82.1773
2025-04-24,EUR,91.8221
2025-04-24,GBP,108.5081
2025-04-25,INR,1.0
2025-04-25,USD,82.7004
2025-04-25,EUR,93.454
2025-04-25,GBP,105.717
2025-04-26,INR,1.0
2025-04-26,USD,84.7816
2025-04-26,EUR,92.4222
2025-04-26,GBP,108.492
2025-04-27,INR,1.0
2025-04-27,USD,82.2524
2025-04-27,EUR,93.4333
2025-04-27,GBP,105.6614
2025-04-28,INR,1.0
2025-04-28,USD,83.1738
2025-04-28,EUR,88.3066
2025-04-28,GBP,103.5958
2025-04-29,INR,1.0
2025-04-29,USD,82.1676
2025-04-29,EUR,94.5336
2025-04-29,GBP,106.1231
2025-04-30,INR,1.0
2025-04-30,USD,85.9565
2025-04-30,EUR,91.8012
2025-04-30,GBP,104.0265
2025-05-01,INR,1.0
2025-05-01,USD,85.0132
2025-05-01,EUR,89.3377
2025-05-01,GBP,104.8558
2025-05-02,INR,1.0
2025-05-02,USD,85.1234
2025-05-02,EUR,94.0606
2025-05-02,GBP,104.6554
2025-05-03,INR,1.0
2025-05-03,USD,82.4979
2025-05-03,EUR,90.5761
2025-05-03,GBP,109.1159
2025-05-04,INR,1.0
2025-05-04,USD,84.9732
2025-05-04,EUR,94.2625
2025-05-04,GBP,105.0932
2025-05-05,INR,1.0
2025-05-05,USD,85.8949
2025-05-05,EUR,91.4734
2025-05-05,GBP,105.9802
2025-05-06,INR,1.0
2025-05-06,USD,85.6972
2025-05-06,EUR,91.6349
2025-05-06,GBP,108.4092
2025-05-07,INR,1.0
2025-05-07,USD,84.9083
2025-05-07,EUR,88.5525
2025-05-07,GBP,106.8196
2025-05-08,INR,1.0
2025-05-08,USD,85.2894
2025-05-08,EUR,91.8183
2025-05-08,GBP,104.5697
2025-05-09,INR,1.0
2025-05-09,USD,82.3203
2025-05-09,EUR,92.6264
2025-05-09,GBP,104.452
2025-05-10,INR,1.0
2025-05-10,USD,84.4105
2025-05-10,EUR,90.9828
2025-05-10,GBP,107.5181
2025-05-11,INR,1.0
2025-05-11,USD,83.4062
2025-05-11,EUR,88.2965
2025-05-11,GBP,108.9603
2025-05-12,INR,1.0
2025-05-12,USD,83.4102
2025-05-12,EUR,94.9871
2025-05-12,GBP,104.1964
2025-05-13,INR,1.0
2025-05-13,USD,85.9201
2025-05-13,EUR,94.6353
2025-05-13,GBP,102.6003
2025-05-14,INR,1.0
2025-05-14,USD,84.5501
2025-05-14,EUR,90.5432
2025-05-14,GBP,108.4088
2025-05-15,INR,1.0
2025-05-15,USD,84.7176
2025-05-15,EUR,94.6695
2025-05-15,GBP,103.1422
2025-05-16,INR,1.0
2025-05-16,USD,84.4303
2025-05-16,EUR,93.4692
2025-05-16,GBP,102.2784
2025-05-17,INR,1.0
2025-05-17,USD,82.2689
2025-05-17,EUR,93.4496
2025-05-17,GBP,104.9306
2025-05-18,INR,1.0
2025-05-18,USD,83.5314
2025-05-18,EUR,91.9707
2025-05-18,GBP,106.8408
2025-05-19,INR,1.0
2025-05-19,USD,84.7162
2025-05-19,EUR,94.6418
2025-05-19,GBP,104.9761
2025-05-20,INR,1.0
2025-05-20,USD,85.0523
2025-05-20,EUR,92.0175
2025-05-20,GBP,106.2357
2025-05-21,INR,1.0
2025-05-21,USD,83.5921
2025-05-21,EUR,92.5469
2025-05-21,GBP,103.9969
2025-05-22,INR,1.0
2025-05-22,USD,82.4538
2025-05-22,EUR,93.1497
2025-05-22,GBP,105.9924
2025-05-23,INR,1.0
2025-05-23,USD,83.5479
2025-05-23,EUR,91.9317
2025-05-23,GBP,104.0942
2025-05-24,INR,1.0
2025-05-24,USD,83.0412
2025-05-24,EUR,91.1239
2025-05-24,GBP,109.9709
2025-05-25,INR,1.0
2025-05-25,USD,83.1423
2025-05-25,EUR,94.4154
2025-05-25,GBP,105.9296
2025-05-26,INR,1.0
2025-05-26,USD,82.4905
2025-05-26,EUR,93.9698
2025-05-26,GBP,105.6163
2025-05-27,INR,1.0
2025-05-27,USD,85.5947
2025-05-27,EUR,91.1158
2025-05-27,GBP,102.7023
2025-05-28,INR,1.0
2025-05-28,USD,84.7277
2025-05-28,EUR,93.9186
2025-05-28,GBP,104.5567
2025-05-29,INR,1.0
2025-05-29,USD,83.3897
2025-05-29,EUR,88.4546
2025-05-29,GBP,106.3374
2025-05-30,INR,1.0
2025-05-30,USD,85.5653
2025-05-30,EUR,93.9595
2025-05-30,GBP,107.6945
2025-05-31,INR,1.0
2025-05-31,USD,85.7093
2025-05-31,EUR,92.4639
2025-05-31,GBP,108.3496
2025-06-01,INR,1.0
2025-06-01,USD,84.035
2025-06-01,EUR,88.8495
2025-06-01,GBP,103.6078
2025-06-02,INR,1.0
2025-06-02,USD,82.5555
2025-06-02,EUR,93.5326
2025-06-02,GBP,102.2103
2025-06-03,INR,1.0
2025-06-03,USD,84.2161
2025-06-03,EUR,90.5824
2025-06-03,GBP,108.4293
2025-06-04,INR,1.0
2025-06-04,USD,84.2066
2025-06-04,EUR,92.2836
2025-06-04,GBP,102.6897
2025-06-05,INR,1.0
2025-06-05,USD,83.2372
2025-06-05,EUR,94.9972
2025-06-05,GBP,107.751
2025-06-06,INR,1.0
2025-06-06,USD,84.1028
2025-06-06,EUR,93.3842
2025-06-06,GBP,108.5867
2025-06-07,INR,1.0
2025-06-07,USD,82.295
2025-06-07,EUR,94.8067
2025-06-07,GBP,107.1387
2025-06-08,INR,1.0
2025-06-08,USD,83.7999
2025-06-08,EUR,92.7608
2025-06-08,GBP,104.7561
2025-06-09,INR,1.0
2025-06-09,USD,85.5118
2025-06-09,EUR,93.4618
2025-06-09,GBP,107.1184
2025-06-10,INR,1.0
2025-06-10,USD,82.7279
2025-06-10,EUR,94.7639
2025-06-10,GBP,105.4609
2025-06-11,INR,1.0
2025-06-11,USD,85.6428
2025-06-11,EUR,88.3879
2025-06-11,GBP,102.9933
2025-06-12,INR,1.0
2025-06-12,USD,82.6121
2025-06-12,EUR,89.1526
2025-06-12,GBP,104.5813
2025-06-13,INR,1.0
2025-06-13,USD,84.8373
2025-06-13,EUR,90.4222
2025-06-13,GBP,109.5272
2025-06-14,INR,1.0
2025-06-14,USD,85.5797
2025-06-14,EUR,93.9215
2025-06-14,GBP,104.0048
2025-06-15,INR,1.0
2025-06-15,USD,84.5402
2025-06-15,EUR,91.8559
2025-06-15,GBP,103.0014
2025-06-16,INR,1.0
2025-06-16,USD,83.2113
2025-06-16,EUR,91.7343
2025-06-16,GBP,106.0206
2025-06-17,INR,1.0
2025-06-17,USD,82.6745
2025-06-17,EUR,94.5912
2025-06-17,GBP,103.2336
2025-06-18,INR,1.0
2025-06-18,USD,84.6349
2025-06-18,EUR,93.0444
2025-06-18,GBP,106.8411
2025-06-19,INR,1.0
2025-06-19,USD,85.3701
2025-06-19,EUR,91.9453
2025-06-19,GBP,108.6019
2025-06-20,INR,1.0
2025-06-20,USD,82.1135
2025-06-20,EUR,88.3182
2025-06-20,GBP,107.1316
2025-06-21,INR,1.0
2025-06-21,USD,84.3071
2025-06-21,EUR,92.5579
2025-06-21,GBP,108.1357
2025-06-22,INR,1.0
2025-06-22,USD,83.6663
2025-06-22,EUR,92.4729
2025-06-22,GBP,105.9843
2025-06-23,INR,1.0
2025-06-23,USD,84.5087
2025-06-23,EUR,90.0277
2025-06-23,GBP,109.6532
2025-06-24,INR,1.0
2025-06-24,USD,83.9318
2025-06-24,EUR,93.6328
2025-06-24,GBP,107.4799
2025-06-25,INR,1.0
2025-06-25,USD,83.1897
2025-06-25,EUR,88.5108
2025-06-25,GBP,102.4793
2025-06-26,INR,1.0
2025-06-26,USD,83.7584
2025-06-26,EUR,91.3898
2025-06-26,GBP,103.6322
2025-06-27,INR,1.0
2025-06-27,USD,84.4266
2025-06-27,EUR,90.1881
2025-06-27,GBP,107.7469
2025-06-28,INR,1.0
2025-06-28,USD,84.9368
2025-06-28,EUR,94.0254
2025-06-28,GBP,109.803
2025-06-29,INR,1.0
2025-06-29,USD,82.5231
2025-06-29,EUR,90.5938
2025-06-29,GBP,106.4932
2025-06-30,INR,1.0
2025-06-30,USD,83.2765
2025-06-30,EUR,91.2653
2025-06-30,GBP,104.1398
2025-07-01,INR,1.0
2025-07-01,USD,82.9917
2025-07-01,EUR,88.6777
2025-07-01,GBP,104.3217
2025-07-02,INR,1.0
2025-07-02,USD,83.5366
2025-07-02,EUR,92.3076
2025-07-02,GBP,103.9862
2025-07-03,INR,1.0
2025-07-03,USD,85.4612
2025-07-03,EUR,89.1179
2025-07-03,GBP,104.6195
2025-07-04,INR,1.0
2025-07-04,USD,84.3107
2025-07-04,EUR,90.189
2025-07-04,GBP,108.105
2025-07-05,INR,1.0
2025-07-05,USD,83.9931
2025-07-05,EUR,91.6031
2025-07-05,GBP,105.9901
2025-07-06,INR,1.0
2025-07-06,USD,83.2342
2025-07-06,EUR,88.1622
2025-07-06,GBP,109.5619
2025-07-07,INR,1.0
2025-07-07,USD,84.0218
2025-07-07,EUR,94.7668
2025-07-07,GBP,103.7212
2025-07-08,INR,1.0
2025-07-08,USD,83.4116
2025-07-08,EUR,88.3538
2025-07-08,GBP,105.9592
2025-07-09,INR,1.0
2025-07-09,USD,85.5294
2025-07-09,EUR,92.5798
2025-07-09,GBP,105.7647
2025-07-10,INR,1.0
2025-07-10,USD,84.1468
2025-07-10,EUR,93.9302
2025-07-10,GBP,105.4474
2025-07-11,INR,1.0
2025-07-11,USD,85.5298
2025-07-11,EUR,93.0926
2025-07-11,GBP,108.1109
2025-07-12,INR,1.0
2025-07-12,USD,83.4637
2025-07-12,EUR,90.8041
2025-07-12,GBP,106.5623
2025-07-13,INR,1.0
2025-07-13,USD,82.7786
2025-07-13,EUR,91.8726
2025-07-13,GBP,102.5883
2025-07-14,INR,1.0
2025-07-14,USD,84.017
2025-07-14,EUR,93.3508
2025-07-14,GBP,104.2378
2025-07-15,INR,1.0
2025-07-15,USD,85.9564
2025-07-15,EUR,92.7628
2025-07-15,GBP,102.9505
2025-07-16,INR,1.0
2025-07-16,USD,85.9003
2025-07-16,EUR,90.7573
2025-07-16,GBP,108.3592
2025-07-17,INR,1.0
2025-07-17,USD,83.3563
2025-07-17,EUR,94.5726
2025-07-17,GBP,108.0397
2025-07-18,INR,1.0
2025-07-18,USD,82.7962
2025-07-18,EUR,91.5639
2025-07-18,GBP,106.0006
2025-07-19,INR,1.0
2025-07-19,USD,82.1812
2025-07-19,EUR,88.9593
2025-07-19,GBP,104.6643
2025-07-20,INR,1.0
2025-07-20,USD,83.895
2025-07-20,EUR,91.1989
2025-07-20,GBP,106.8501
2025-07-21,INR,1.0
2025-07-21,USD,84.062
2025-07-21,EUR,90.2958
2025-07-21,GBP,106.9045
2025-07-22,INR,1.0
2025-07-22,USD,82.65
2025-07-22,EUR,94.9343
2025-07-22,GBP,107.9146
2025-07-23,INR,1.0
2025-07-23,USD,83.1969
2025-07-23,EUR,90.3546
2025-07-23,GBP,108.6263
2025-07-24,INR,1.0
2025-07-24,USD,84.1294
2025-07-24,EUR,92.9612
2025-07-24,GBP,104.3983
2025-07-25,INR,1.0
2025-07-25,USD,85.263
2025-07-25,EUR,90.5785
2025-07-25,GBP,107.3905
2025-07-26,INR,1.0
2025-07-26,USD,85.9196
2025-07-26,EUR,92.0859
2025-07-26,GBP,108.374
2025-07-27,INR,1.0
2025-07-27,USD,84.9013
2025-07-27,EUR,92.8163
2025-07-27,GBP,102.2132
2025-07-28,INR,1.0
2025-07-28,USD,83.8984
2025-07-28,EUR,94.7695
2025-07-28,GBP,108.2632
2025-07-29,INR,1.0
2025-07-29,USD,85.1046
2025-07-29,EUR,92.0434
2025-07-29,GBP,107.7712
2025-07-30,INR,1.0
2025-07-30,USD,84.3341
2025-07-30,EUR,89.1936
2025-07-30,GBP,107.0322
2025-07-31,INR,1.0
2025-07-31,USD,84.4789
2025-07-31,EUR,93.8882
2025-07-31,GBP,103.1822
2025-08-01,INR,1.0
2025-08-01,USD,84.7229
2025-08-01,EUR,88.221
2025-08-01,GBP,109.5856
2025-08-02,INR,1.0
2025-08-02,USD,82.4396
2025-08-02,EUR,88.1326
2025-08-02,GBP,104.5095
2025-08-03,INR,1.0
2025-08-03,USD,82.6057
2025-08-03,EUR,92.8335
2025-08-03,GBP,105.283
2025-08-04,INR,1.0
2025-08-04,USD,85.0999
2025-08-04,EUR,94.4436
2025-08-04,GBP,108.9825
2025-08-05,INR,1.0
2025-08-05,USD,84.9433
2025-08-05,EUR,88.436
2025-08-05,GBP,103.1047
2025-08-06,INR,1.0
2025-08-06,USD,82.8294
2025-08-06,EUR,90.2753
2025-08-06,GBP,107.2978
2025-08-07,INR,1.0
2025-08-07,USD,84.1019
2025-08-07,EUR,90.1963
2025-08-07,GBP,103.3855
2025-08-08,INR,1.0
2025-08-08,USD,85.6485
2025-08-08,EUR,90.3963
2025-08-08,GBP,104.8343
2025-08-09,INR,1.0
2025-08-09,USD,85.088
2025-08-09,EUR,93.0465
2025-08-09,GBP,107.1465
2025-08-10,INR,1.0
2025-08-10,USD,84.7733
2025-08-10,EUR,92.2705
2025-08-10,GBP,103.5381
2025-08-11,INR,1.0
2025-08-11,USD,82.9861
2025-08-11,EUR,91.9066
2025-08-11,GBP,103.7989
2025-08-12,INR,1.0
2025-08-12,USD,85.8916
2025-08-12,EUR,90.0833
2025-08-12,GBP,104.312
2025-08-13,INR,1.0
2025-08-13,USD,82.8291
2025-08-13,EUR,92.9349
2025-08-13,GBP,104.5363
2025-08-14,INR,1.0
2025-08-14,USD,83.3952
2025-08-14,EUR,94.5359
2025-08-14,GBP,108.3632
2025-08-15,INR,1.0
2025-08-15,USD,83.0938
2025-08-15,EUR,88.8531
2025-08-15,GBP,107.413
2025-08-16,INR,1.0
2025-08-16,USD,83.5188
2025-08-16,EUR,94.8611
2025-08-16,GBP,108.547
2025-08-17,INR,1.0
2025-08-17,USD,85.8184
2025-08-17,EUR,93.6323
2025-08-17,GBP,104.3236
2025-08-18,INR,1.0
2025-08-18,USD,83.1505
2025-08-18,EUR,92.999
2025-08-18,GBP,104.7709
2025-08-19,INR,1.0
2025-08-19,USD,83.7695
2025-08-19,EUR,89.7951
2025-08-19,GBP,105.8326
2025-08-20,INR,1.0
2025-08-20,USD,82.8083
2025-08-20,EUR,91.77
2025-08-20,GBP,109.4642
2025-08-21,INR,1.0
2025-08-21,USD,84.7847
2025-08-21,EUR,88.9609
2025-08-21,GBP,106.9254
2025-08-22,INR,1.0
2025-08-22,USD,84.3473
2025-08-22,EUR,89.6972
2025-08-22,GBP,107.3587
2025-08-23,INR,1.0
2025-08-23,USD,84.1242
2025-08-23,EUR,92.4656
2025-08-23,GBP,102.4199
2025-08-24,INR,1.0
2025-08-24,USD,83.6532
2025-08-24,EUR,93.0215
2025-08-24,GBP,102.8044
2025-08-25,INR,1.0
2025-08-25,USD,85.0831
2025-08-25,EUR,88.0363
2025-08-25,GBP,106.4028
2025-08-26,INR,1.0
2025-08-26,USD,85.7164
2025-08-26,EUR,90.8484
2025-08-26,GBP,109.4803
2025-08-27,INR,1.0
2025-08-27,USD,85.5136
2025-08-27,EUR,91.3421
2025-08-27,GBP,103.5956
2025-08-28,INR,1.0
2025-08-28,USD,85.8557
2025-08-28,EUR,90.2482
2025-08-28,GBP,107.1672
2025-08-29,INR,1.0
2025-08-29,USD,85.6317
2025-08-29,EUR,88.6262
2025-08-29,GBP,106.5931
2025-08-30,INR,1.0
2025-08-30,USD,84.1406
2025-08-30,EUR,93.0618
2025-08-30,GBP,109.4934
2025-08-31,INR,1.0
2025-08-31,USD,85.6529
2025-08-31,EUR,89.2255
2025-08-31,GBP,109.058
2025-09-01,INR,1.0
2025-09-01,USD,82.7032
2025-09-01,EUR,94.4374
2025-09-01,GBP,109.9774
2025-09-02,INR,1.0
2025-09-02,USD,83.588
2025-09-02,EUR,91.4677
2025-09-02,GBP,109.4929
2025-09-03,INR,1.0
2025-09-03,USD,85.8485
2025-09-03,EUR,94.4823
2025-09-03,GBP,109.0139
2025-09-04,INR,1.0
2025-09-04,USD,82.0371
2025-09-04,EUR,91.9757
2025-09-04,GBP,102.8584
2025-09-05,INR,1.0
2025-09-05,USD,85.932
2025-09-05,EUR,89.9919
2025-09-05,GBP,109.9128
2025-09-06,INR,1.0
2025-09-06,USD,84.1732
2025-09-06,EUR,91.4574
2025-09-06,GBP,109.5085
2025-09-07,INR,1.0
2025-09-07,USD,85.4042
2025-09-07,EUR,91.2761
2025-09-07,GBP,103.5425
2025-09-08,INR,1.0
2025-09-08,USD,82.4506
2025-09-08,EUR,89.1375
2025-09-08,GBP,105.6713
2025-09-09,INR,1.0
2025-09-09,USD,83.0291
2025-09-09,EUR,89.3034
2025-09-09,GBP,107.8929
2025-09-10,INR,1.0
2025-09-10,USD,85.1631
2025-09-10,EUR,91.9745
2025-09-10,GBP,108.0583
2025-09-11,INR,1.0
2025-09-11,USD,82.702
2025-09-11,EUR,93.993
2025-09-11,GBP,109.1763
2025-09-12,INR,1.0
2025-09-12,USD,85.308
2025-09-12,EUR,91.607
2025-09-12,GBP,102.6939
2025-09-13,INR,1.0
2025-09-13,USD,84.677
2025-09-13,EUR,89.2935
2025-09-13,GBP,103.1249
2025-09-14,INR,1.0
2025-09-14,USD,83.2944
2025-09-14,EUR,89.7363
2025-09-14,GBP,104.0863
2025-09-15,INR,1.0
2025-09-15,USD,82.9421
2025-09-15,EUR,93.2763
2025-09-15,GBP,109.6323
2025-09-16,INR,1.0
2025-09-16,USD,83.2078
2025-09-16,EUR,93.0602
2025-09-16,GBP,102.0915
2025-09-17,INR,1.0
2025-09-17,USD,84.6147
2025-09-17,EUR,92.8494
2025-09-17,GBP,102.497
2025-09-18,INR,1.0
2025-09-18,USD,82.4729
2025-09-18,EUR,90.1476
2025-09-18,GBP,105.2433
2025-09-19,INR,1.0
2025-09-19,USD,84.0101
2025-09-19,EUR,94.2658
2025-09-19,GBP,107.6285
2025-09-20,INR,1.0
2025-09-20,USD,83.2439
2025-09-20,EUR,88.8219
2025-09-20,GBP,109.329
2025-09-21,INR,1.0
2025-09-21,USD,83.1802
2025-09-21,EUR,92.3024
2025-09-21,GBP,103.753
2025-09-22,INR,1.0
2025-09-22,USD,82.5343
2025-09-22,EUR,89.0723
2025-09-22,GBP,107.9819
2025-09-23,INR,1.0
2025-09-23,USD,84.423
2025-09-23,EUR,90.9109
2025-09-23,GBP,106.3939
2025-09-24,INR,1.0
2025-09-24,USD,83.8833
2025-09-24,EUR,91.7626
2025-09-24,GBP,107.3128
2025-09-25,INR,1.0
2025-09-25,USD,82.8736
2025-09-25,EUR,89.7323
2025-09-25,GBP,108.0379
2025-09-26,INR,1.0
2025-09-26,USD,85.4925
2025-09-26,EUR,88.5731
2025-09-26,GBP,105.574
2025-09-27,INR,1.0
2025-09-27,USD,84.8151
2025-09-27,EUR,88.5467
2025-09-27,GBP,106.5133
2025-09-28,INR,1.0
2025-09-28,USD,82.247
2025-09-28,EUR,91.8335
2025-09-28,GBP,106.0439
2025-09-29,INR,1.0
2025-09-29,USD,84.2908
2025-09-29,EUR,89.049
2025-09-29,GBP,104.6249
2025-09-30,INR,1.0
2025-09-30,USD,84.0814
2025-09-30,EUR,88.8137
2025-09-30,GBP,103.6432
2025-10-01,INR,1.0
2025-10-01,USD,84.3326
2025-10-01,EUR,88.6366
2025-10-01,GBP,106.083
2025-10-02,INR,1.0
2025-10-02,USD,85.2348
2025-10-02,EUR,91.174
2025-10-02,GBP,106.106
2025-10-03,INR,1.0
2025-10-03,USD,83.8272
2025-10-03,EUR,88.4042
2025-10-03,GBP,105.699
2025-10-04,INR,1.0
2025-10-04,USD,85.2277
2025-10-04,EUR,93.063
2025-10-04,GBP,105.1676
2025-10-05,INR,1.0
2025-10-05,USD,85.2658
2025-10-05,EUR,93.2206
2025-10-05,GBP,106.6265
2025-10-06,INR,1.0
2025-10-06,USD,82.1812
2025-10-06,EUR,90.4117
2025-10-06,GBP,102.5101
2025-10-07,INR,1.0
2025-10-07,USD,85.9765
2025-10-07,EUR,94.5421
2025-10-07,GBP,102.5522
2025-10-08,INR,1.0
2025-10-08,USD,85.7351
2025-10-08,EUR,88.2221
2025-10-08,GBP,105.2709
2025-10-09,INR,1.0
2025-10-09,USD,85.0759
2025-10-09,EUR,93.3608
2025-10-09,GBP,109.8267
2025-10-10,INR,1.0
2025-10-10,USD,84.5835
2025-10-10,EUR,90.9425
2025-10-10,GBP,109.9429
2025-10-11,INR,1.0
2025-10-11,USD,83.5299
2025-10-11,EUR,94.0873
2025-10-11,GBP,109.2541
2025-10-12,INR,1.0
2025-10-12,USD,83.5026
2025-10-12,EUR,92.7791
2025-10-12,GBP,107.2943
2025-10-13,INR,1.0
2025-10-13,USD,84.1572
2025-10-13,EUR,92.5747
2025-10-13,GBP,104.7822
2025-10-14,INR,1.0
2025-10-14,USD,82.7139
2025-10-14,EUR,91.7608
2025-10-14,GBP,106.2307
2025-10-15,INR,1.0
2025-10-15,USD,84.9114
2025-10-15,EUR,89.5588
2025-10-15,GBP,102.0278
2025-10-16,INR,1.0
2025-10-16,USD,82.0909
2025-10-16,EUR,90.0885
2025-10-16,GBP,107.388
2025-10-17,INR,1.0
2025-10-17,USD,84.1778
2025-10-17,EUR,91.7235
2025-10-17,GBP,108.5869
2025-10-18,INR,1.0
2025-10-18,USD,82.99
2025-10-18,EUR,90.4231
2025-10-18,GBP,104.2052
2025-10-19,INR,1.0
2025-10-19,USD,85.7496
2025-10-19,EUR,93.0752
2025-10-19,GBP,102.9028
2025-10-20,INR,1.0
2025-10-20,USD,85.2379
2025-10-20,EUR,90.9347
2025-10-20,GBP,108.1284
2025-10-21,INR,1.0
2025-10-21,USD,85.535
2025-10-21,EUR,88.1095
2025-10-21,GBP,103.6487
2025-10-22,INR,1.0
2025-10-22,USD,82.4036
2025-10-22,EUR,88.235
2025-10-22,GBP,106.7823
2025-10-23,INR,1.0
2025-10-23,USD,84.8131
2025-10-23,EUR,88.3407
2025-10-23,GBP,107.9243
2025-10-24,INR,1.0
2025-10-24,USD,83.6091
2025-10-24,EUR,89.6404
2025-10-24,GBP,103.7382
2025-10-25,INR,1.0
2025-10-25,USD,85.4549
2025-10-25,EUR,88.3951
2025-10-25,GBP,106.0312
2025-10-26,INR,1.0
2025-10-26,USD,83.1571
2025-10-26,EUR,93.7105
2025-10-26,GBP,107.8521
2025-10-27,INR,1.0
2025-10-27,USD,83.2756
2025-10-27,EUR,92.1854
2025-10-27,GBP,107.3803
2025-10-28,INR,1.0
2025-10-28,USD,83.2827
2025-10-28,EUR,90.1124
2025-10-28,GBP,103.1461
2025-10-29,INR,1.0
2025-10-29,USD,84.6408
2025-10-29,EUR,89.5473
2025-10-29,GBP,104.404
2025-10-30,INR,1.0
2025-10-30,USD,82.2438
2025-10-30,EUR,94.6396
2025-10-30,GBP,109.0377
2025-10-31,INR,1.0
2025-10-31,USD,85.6463
2025-10-31,EUR,92.382
2025-10-31,GBP,105.4176
2025-11-01,INR,1.0
2025-11-01,USD,83.9825
2025-11-01,EUR,94.806
2025-11-01,GBP,109.5327
2025-11-02,INR,1.0
2025-11-02,USD,84.6854
2025-11-02,EUR,93.5006
2025-11-02,GBP,104.5499
2025-11-03,INR,1.0
2025-11-03,USD,83.6653
2025-11-03,EUR,89.0445
2025-11-03,GBP,105.0117
2025-11-04,INR,1.0
2025-11-04,USD,85.0177
2025-11-04,EUR,91.3146
2025-11-04,GBP,108.7947
2025-11-05,INR,1.0
2025-11-05,USD,83.2029
2025-11-05,EUR,92.953
2025-11-05,GBP,108.4462
2025-11-06,INR,1.0
2025-11-06,USD,85.659
2025-11-06,EUR,91.9367
2025-11-06,GBP,109.7423
2025-11-07,INR,1.0
2025-11-07,USD,84.2291
2025-11-07,EUR,88.9386
2025-11-07,GBP,103.9429
2025-11-08,INR,1.0
2025-11-08,USD,82.8133
2025-11-08,EUR,92.5269
2025-11-08,GBP,109.3778
2025-11-09,INR,1.0
2025-11-09,USD,85.3885
2025-11-09,EUR,88.6472
2025-11-09,GBP,107.7967
2025-11-10,INR,1.0
2025-11-10,USD,82.7619
2025-11-10,EUR,89.8792
2025-11-10,GBP,107.3894
2025-11-11,INR,1.0
2025-11-11,USD,84.4117
2025-11-11,EUR,94.1153
2025-11-11,GBP,103.5053
2025-11-12,INR,1.0
2025-11-12,USD,85.0468
2025-11-12,EUR,93.0701
2025-11-12,GBP,106.4708
2025-11-13,INR,1.0
2025-11-13,USD,83.9176
2025-11-13,EUR,94.0863
2025-11-13,GBP,104.6637
2025-11-14,INR,1.0
2025-11-14,USD,85.8281
2025-11-14,EUR,88.1073
2025-11-14,GBP,109.4973
2025-11-15,INR,1.0
2025-11-15,USD,85.8483
2025-11-15,EUR,88.8212
2025-11-15,GBP,109.9966
2025-11-16,INR,1.0
2025-11-16,USD,83.9157
2025-11-16,EUR,89.6982
2025-11-16,GBP,106.8352
2025-11-17,INR,1.0
2025-11-17,USD,82.8181
2025-11-17,EUR,94.4059
2025-11-17,GBP,106.4166
2025-11-18,INR,1.0
2025-11-18,USD,85.1021
2025-11-18,EUR,90.6646
2025-11-18,GBP,106.2692
2025-11-19,INR,1.0
2025-11-19,USD,83.437
2025-11-19,EUR,89.8309
2025-11-19,GBP,106.1025
2025-11-20,INR,1.0
2025-11-20,USD,83.9891
2025-11-20,EUR,88.6903
2025-11-20,GBP,109.8505
2025-11-21,INR,1.0
2025-11-21,USD,83.878
2025-11-21,EUR,93.8781
2025-11-21,GBP,109.3146
2025-11-22,INR,1.0
2025-11-22,USD,83.4828
2025-11-22,EUR,90.8975
2025-11-22,GBP,106.5002
2025-11-23,INR,1.0
2025-11-23,USD,82.8851
2025-11-23,EUR,89.0215
2025-11-23,GBP,104.0862
2025-11-24,INR,1.0
2025-11-24,USD,85.739
2025-11-24,EUR,92.054
2025-11-24,GBP,105.3406
2025-11-25,INR,1.0
2025-11-25,USD,82.6096
2025-11-25,EUR,90.3091
2025-11-25,GBP,105.0387
2025-11-26,INR,1.0
2025-11-26,USD,85.3335
2025-11-26,EUR,91.4951
2025-11-26,GBP,107.2369
2025-11-27,INR,1.0
2025-11-27,USD,84.7394
2025-11-27,EUR,89.8013
2025-11-27,GBP,108.5727
2025-11-28,INR,1.0
2025-11-28,USD,85.866
2025-11-28,EUR,92.4919
2025-11-28,GBP,105.9248
2025-11-29,INR,1.0
2025-11-29,USD,82.6729
2025-11-29,EUR,93.5648
2025-11-29,GBP,103.3541
2025-11-30,INR,1.0
2025-11-30,USD,84.8813
2025-11-30,EUR,91.4182
2025-11-30,GBP,109.3352
2025-12-01,INR,1.0
2025-12-01,USD,84.1685
2025-12-01,EUR,92.4927
2025-12-01,GBP,102.4699
2025-12-02,INR,1.0
2025-12-02,USD,82.1353
2025-12-02,EUR,93.9269
2025-12-02,GBP,109.5615
2025-12-03,INR,1.0
2025-12-03,USD,84.6729
2025-12-03,EUR,93.3504
2025-12-03,GBP,105.2991
2025-12-04,INR,1.0
2025-12-04,USD,85.3702
2025-12-04,EUR,89.62
2025-12-04,GBP,107.6574
2025-12-05,INR,1.0
2025-12-05,USD,82.0366
2025-12-05,EUR,91.5401
2025-12-05,GBP,104.9856
2025-12-06,INR,1.0
2025-12-06,USD,84.4713
2025-12-06,EUR,92.6673
2025-12-06,GBP,106.9322
2025-12-07,INR,1.0
2025-12-07,USD,83.9328
2025-12-07,EUR,91.415
2025-12-07,GBP,102.0529
2025-12-08,INR,1.0
2025-12-08,USD,84.2066
2025-12-08,EUR,88.083
2025-12-08,GBP,106.2353
2025-12-09,INR,1.0
2025-12-09,USD,83.099
2025-12-09,EUR,94.8424
2025-12-09,GBP,102.1371
2025-12-10,INR,1.0
2025-12-10,USD,85.2526
2025-12-10,EUR,92.7182
2025-12-10,GBP,108.4493
2025-12-11,INR,1.0
2025-12-11,USD,85.6391
2025-12-11,EUR,88.7491
2025-12-11,GBP,102.7705
2025-12-12,INR,1.0
2025-12-12,USD,82.5956
2025-12-12,EUR,89.3435
2025-12-12,GBP,106.2116
2025-12-13,INR,1.0
2025-12-13,USD,85.2609
2025-12-13,EUR,89.8713
2025-12-13,GBP,105.1752
2025-12-14,INR,1.0
2025-12-14,USD,83.4922
2025-12-14,EUR,90.8422
2025-12-14,GBP,106.52
2025-12-15,INR,1.0
2025-12-15,USD,85.9609
2025-12-15,EUR,89.581
2025-12-15,GBP,107.4723
2025-12-16,INR,1.0
2025-12-16,USD,85.3915
2025-12-16,EUR,92.5762
2025-12-16,GBP,108.8658
2025-12-17,INR,1.0
2025-12-17,USD,85.0383
2025-12-17,EUR,88.6545
2025-12-17,GBP,105.0341
2025-12-18,INR,1.0
2025-12-18,USD,84.2108
2025-12-18,EUR,88.3928
2025-12-18,GBP,102.0756
2025-12-19,INR,1.0
2025-12-19,USD,82.6855
2025-12-19,EUR,91.499
2025-12-19,GBP,105.4713
2025-12-20,INR,1.0
2025-12-20,USD,85.1375
2025-12-20,EUR,91.961
2025-12-20,GBP,108.8637
2025-12-21,INR,1.0
2025-12-21,USD,82.3814
2025-12-21,EUR,91.6971
2025-12-21,GBP,102.3404
2025-12-22,INR,1.0
2025-12-22,USD,82.8457
2025-12-22,EUR,94.0768
2025-12-22,GBP,109.1004
2025-12-23,INR,1.0
2025-12-23,USD,83.902
2025-12-23,EUR,88.3259
2025-12-23,GBP,102.5948
2025-12-24,INR,1.0
2025-12-24,USD,85.7023
2025-12-24,EUR,94.2952
2025-12-24,GBP,106.5081
2025-12-25,INR,1.0
2025-12-25,USD,82.1316
2025-12-25,EUR,94.5014
2025-12-25,GBP,104.5159
2025-12-26,INR,1.0
2025-12-26,USD,85.8459
2025-12-26,EUR,92.1093
2025-12-26,GBP,108.018
2025-12-27,INR,1.0
2025-12-27,USD,84.8508
2025-12-27,EUR,90.7881
2025-12-27,GBP,102.6155
2025-12-28,INR,1.0
2025-12-28,USD,82.6498
2025-12-28,EUR,89.6833
2025-12-28,GBP,108.6772
2025-12-29,INR,1.0
2025-12-29,USD,83.5566
2025-12-29,EUR,94.2757
2025-12-29,GBP,104.6538
2025-12-30,INR,1.0
2025-12-30,USD,85.0224
2025-12-30,EUR,88.9797
2025-12-30,GBP,109.9078
2025-12-31,INR,1.0
2025-12-31,USD,84.8967
2025-12-31,EUR,91.5055
2025-12-31,GBP,109.7946
